time,title,author,score
00:00,Midnight's Children,Salman Rushdie,3
00:01,One Minute Past Midnight,Martin Crosbie,2
00:02,Two Minutes Past Midnight,Stephen King,0
00:03,Three O'Clock in the Morning,Gianrico Carofiglio,2
00:04,Four Past Midnight,Stephen King,3
00:05,Five Past Midnight in Bhopal,"Dominique Lapierre, Javier Moro",3
00:06,Six Minutes to Midnight,Michael Chabon,0
00:07,Seven Minutes Past Midnight,Lewis Carroll,0
00:08,Eight Minutes Past Midnight,Steve Locker-Lampson,2
00:09,Nine Minutes After Midnight,William Irish,1
00:10,"Live at 10:00, Dead at 10:15",Elsa Klensch,2
00:11,11 Minutes,Paulo Coelho,3
00:12,Feed Your Family For $12.00 A Day,Rhonda Barfield,2
00:13,Passy 00-13,Alfred Savoir,2
00:14,Informe 14/00 sobre el Plan Regional de Compensación Educativa para la Comunidad de Madrid,Madrid (Spain : Region). Consejo Económico y Social,2
00:15,15 Minutes,Karen Kingsbury,2
00:16,Sixteen,Julia Karr,2
00:17,Seventeen,Hideo Yokoyama,2
00:18,Eighteen,Jan Burke,2
00:19,Nineteen Minutes,Jodi Picoult,3
00:20,Twenty Minutes After Midnight,Agatha Christie,0
00:21,21:00: The Night Watch,Sarah Waters,2
00:22,22.00 Radioavis,Frands Mortensen,2
00:23,23 Minutes in Hell,Bill Wiese,2
00:24,24 Hours,Greg Iles,2
00:25,Zero Zero Twenty-Five,Haruki Murakami,0
00:26,26 Minutes Past Midnight,Stephen King,0
00:27,"Ranma 1/2, Vol. 27",高橋留美子,2
00:28,28 Days Later,Alex Garland,2
00:29,29 Seconds,T.M. Logan,2
00:30,The 12:30 from Croydon,Freeman Wills Crofts,2
00:31,31 Songs,Nick Hornby,2
00:32,32 Yolks,Eric Ripert,2
00:33,33 Revolutions per Minute,Dorian Lynskey,2
00:34,12:34,Jamal Story,2
00:35,35mm: A Musical Collection,Ryan Scott Oliver,1
00:36,36 Arguments for the Existence of God,Rebecca Newberger Goldstein,2
00:37,37 Seconds,Stephanie Arnold,2
00:38,38 Nooses,Scott W. Berg,2
00:39,39 Steps,John Buchan,3
00:40,The $40.00 Date,Claudia Lane,2
00:41,Thrilling Wonder Stories - 12/41,"Malcolm Jameson, Ray Cummings, Morrison, William, Frank Belknap Long, H.L. Gold, Charles Stoddard, John P. Gunnison, Earle K. Bergey",2
00:42,Twelve Forty-Two North Seventy-five Seventy-three East,Alvin Joseph K,2
00:43,The λ 43 00 band of CH in the spectrum of Comet Ikeya (1963a),Claude Arpigny,2
00:44,4:44,Paul Auster,2
00:45,12:45,Nick Roman,1
00:46,Improvement Era; 46 No. 12,The Church of Jesus Christ of Latter-day Saints,2
00:47,1247,W. G. Smith,2
00:48,1248-1998 IEEE Guide for the Commissioning of Electrical Systems in Hydroelectric Power Plants (IEEE 1248-1998),Institute of Electrical and Electronics Engineers,2
00:49,Twelve Forty-Nine,Agatha Christie,0
00:50,How Much Is $50.00? (Dollars & Cents),Carey Molter,2
00:51,Area 51: An Uncensored History of America's Top Secret Military Base,Annie Jacobsen,3
00:52,52 Pickup,Elmore Leonard,3
00:53,53 Days,Georges Perec,2
00:54,54,Wu Ming,2
00:55,Catch-55,Joseph Heller,0
00:56,56 Days,Catherine Ryan Howard,2
00:57,57 Bus,Dashka Slater,2
00:58,58 Minutes,Walter Wager,2
00:59,"59 Seconds: Think a Little, Change a Lot",Richard Wiseman,3
01:00,One O'Clock Jump,Lise McClendon,2
01:01,Room 1.01,Margaret Atwood,0
01:02,One Hundred and Two Minutes,Jim Dwyer & Kevin Flynn,2
01:03,Case 103,Agatha Christie,0
01:04,Flight 104,Arthur Hailey,0
01:05,One Hundred and Five Stories,Ray Bradbury,0
01:06,1066 and All That,W. C. Sellar & R. J. Yeatman,3
01:07,Room 107,Stephen King,0
01:08,Section 108,John Grisham,0
01:09,Paragraph 109,George Orwell,0
01:10,Ten Past One,Annabel Pitcher,2
01:11,"La damnation de Faust, H 111",Hector Berlioz,2
01:12,Miniature Worlds in 1/12 Scale,Susan Penny,2
01:13,113 Minutes,"James Patterson, Max DiLallo",2
01:14,Taking of Room 114,Mel Glenn,2
01:15,Happy! nº 01/15,"Naoki Urasawa, Daruma Serveis Lingüistics S.L.",2
01:16,Flight #116 Is Down,Caroline B. Cooney,2
01:17,The 117-Storey Treehouse,"Andy Griffiths, Terry Denton",2
01:18,Room 118,Lisa Stone,2
01:19,1956-01-19,thulani khumalo,2
01:20,Tegamibachi nº 01/20,Hiroyuki Asada,2
01:21,Nana nº 01/21,"Ai Yazawa, Daruma Serveis Lingüistics S.L.",2
01:22,Saint Seiya nº 01/22,"Masami Kurumada, Daruma Serveis Lingüistics S.L.",2
01:23,Chernobyl 01:23:40,Andrew Leatherbarrow,2
01:24,24:01 One Minute After,Eric Diehl,2
01:25,Murder at 1:25,Agatha Christie,0
01:26,"January 26, 2001",Bill Bryson,0
01:27,127 Hours,Rob Smith,2
01:28,Room 128,Stephen King,0
01:29,Flight 129,Michael Crichton,0
01:30,At one-thirty,Isabel Ostrander,2
01:31,Hostel Room 131,R. Raj Rao,2
01:32,Strange Tales – 01/32,"Jack Williamson, John Gunnison, H.W. Wesso",2
01:33,133 Hours,Zach Abrams,2
01:34,Dragon Ball nº 01/34,Akira Toriyama,2
01:35,1:35 AM (Five Nights at Freddy's),"Scott Cawthon, Andrea Waggener, Elley Cooper",2
01:36,Improvement Era; 36 No. 01,The Church of Jesus Christ of Latter-day Saints,2
01:37,Biggest Christmas Activity Book for Kids - 137 Pages of Fun !,M. Y. First MY FIRST CHRISTMAS BOOK,2
01:38,Room One Thirty Eight,Victoria Greyson,2
01:39,Murder at 1:39,Agatha Christie,0
01:40,Cantata-140,Philip K. Dick,3
01:41,The Vanderbeekers of 141st Street,Karina Yan Glaser,2
01:42,Room 142,F. Paul Wilson,2
01:43,143-Storey Treehouse,"Andy Griffiths, Terry Denton",3
01:44,Murder At 144,"Theresa Fanelli, Anthony Moscato",2
01:45,145th Street,Walter Dean Myers,3
01:46,One Forty-Six,Agatha Christie,0
01:47,Improvement Era; 47 No. 01,The Church of Jesus Christ of Latter-day Saints,2
01:48,Case 148,Ellery Queen,2
01:49,Time After Time #149,"Kay Hooper, Emily Woo Zeller",2
01:50,Improvement Era; 50 No. 01,The Church of Jesus Christ of Latter-day Saints,2
01:51,151 Quick Ideas to Manage Your Time,Robert E. Dittmer,2
01:52,Area 152,Michael Crichton,0
01:53,One Hundred Fifty Three Thoughts (153),"David Hatch, Robert Vernon",2
01:54,1:54,"Denise Robert, England, Diane (Film producer), Yan England",2
01:55,Improvement Era; 55 No. 01,The Church of Jesus Christ of Latter-day Saints,2
01:56,The 156-Story Treehouse,"Andy Griffiths, Terry Denton",2
01:57,Room 157,Stephen King,0
01:58,1. 58 Seconds,Alfred Sparman,2
01:59,One Fifty-Nine,Agatha Christie,0
02:00,2:00 A.M. Paradise Cafe,Barry Manilow,2
02:01,XDETECT version 2.01 technical reference,John A. Rogers,2
02:02,2BR02B,Kurt Vonnegut,3
02:03,"One, Two, Three O'clock Hop! | A Telling Time Book for Kids",Pfiffikus,2
02:04,2:04:43,Kate Allen,2
02:05,Proceedings. 1782-02-05,Great Britain Parliament House of Commons,2
02:06,2:06 Marathon,Timothy Noakes,2
02:07,Flight 207,Gordon Parker,2
02:08,Room 208,F. Paul Wilson,2
02:09,Train 209 to Paris,Agatha Christie,0
02:10,Buda nº 02/10,Osamu Tezuka,2
02:11,211 Things You Should Have Told Your Kids by Now,J. Thomas Mocchi,2
02:12,212,Alafair Burke,2
02:13,Room 213,Jenny Goebel,2
02:14,214 Palmer Street,Karen McQuestion,2
02:15,Two-fifteen,S. Phillip Miles,2
02:16,216,R. J. Pineiro,2
02:17,Flight 217,Danielle Steel,1
02:18,Code 2-18,Morning Alliance,2
02:19,Room 219,S.L. Grey,2
02:20,Billy Bat nº 02/20,"Takashi Nagasaki, Naoki Urasawa",2
02:21,221B Baker Street,Arthur Conan Doyle,3
02:22,Room 222,William Johnston,2
02:23,Flight 223,Charles E. Mercer,2
02:24,Case 224: The Missing Hour,Agatha Christie,0
02:25,225 Plays,Eric Bentley,2
02:26,Room 226,Jackie Kabler,2
02:27,Blood Circle (The Executioner #227),Don Pendleton,2
02:28,Apartment 228,David E. Weischadle,2
02:29,Leap Day: 02/29,Wendy Mass,2
02:30,Two Thirty: A Memoir,Marc Hill,2
02:31,2312,Kim Stanley Robinson,3
02:32,Flight 232,Laurence Gonzales,2
02:33,"33 1/3 Greatest Hits, Volume 2",David Barker,2
02:34,Dragon Ball nº 02/34,Akira Toriyama,2
02:35,235: The Code,James Patterson,0
02:36,Improvement Era; 36 No. 02,The Church of Jesus Christ of Latter-day Saints,2
02:37,37.2 Le Matin,Philippe Djian,2
02:38,Acts 2:38,David S. Norris,2
02:39,239 Days: The Amazing Story of the First Trip Around the World,Allan L. Ward,2
02:40,How to write 240 wpm in Pitman shorthand,Morris I. Kligman,2
02:41,Homicides 241,Alban Désiré AFENE,2
02:42,Flight 242,David Gero,2
02:43,SPEED DETECTIVE - 02/43,Robert Leslie Bellem,2
02:44,ÉTUDES FRANÇAISES VOLUME 44 NO02,Collectif,2
02:45,245 Trioxin,"Gary Smart, Christian Sellers",2
02:46,Forty Six and Two,J. J. Johnson,2
02:47,Case File 247,John Sandford,2
02:48,Longarm 248,Tabor Evans,2
02:49,Survival 49.2,Dana Allin,2
02:50,Fahrenheit 451: Page 250,Ray Bradbury,3
02:51,Area 51: An Uncensored History,Annie Jacobsen,3
02:52,Flight 252,Avi,2
02:53,Room 253,Sophie Hannah,2
02:54,254: The Mystery Train,Agatha Christie,0
02:55,255: The Final Problem,Arthur Conan Doyle,0
02:56,256 Sonnets,William Shakespeare,0
02:57,Lab 257,Michael C. Carroll,2
02:58,258 minutes,Angelo Ferrillo,2
02:59,259: The Last Stop,Stephen King,0
03:00,3 : 00 a.m.,Nick Pirog,2
03:01,3:01 a.m.,Invented for clarity by Stephen King,0
03:02,Courtroom 302,Steve Bogira,2
03:03,Room 303,A.M. Homes,1
03:04,Flight 304,A.R. Simmons,1
03:05,305 authentic Art Nouveau jewelry designs,Maurice Dufrène,2
03:06,Three Sixes,Jack Ketchum,1
03:07,307 Circuits (300 Series),Jan Buiting,2
03:08,308 Circuits (Elektor Electronics Library),Jan Buiting,2
03:09,Room 309,Helen Garner,1
03:10,Three-Ten to Yuma and Other Stories,Elmore Leonard,3
03:11,311 Pelican Court,Debbie Macomber,3
03:12,Honda Accord 03-12 Crosstour 10-12,Editors of Haynes Manuals,2
03:13,Room 313,K. Webster,2
03:14,314,"A. R. Wise, Vanessa Johansson",2
03:15,The 3:15 experiment,"Bernadette Mayer, Lee Ann Brown, Jen Hofer, Danika Dinsmore",2
03:16,3:16,Max Lucado,2
03:17,Gone at 3:17,"David M. Brown, Michael Wereschagin",2
03:18,Miss 318,Rupert Hughes,2
03:19,Desert Heat (Silhouette Intimate Moments No. 319),Doreen Roberts,2
03:20,FM 3-21.20,United States Department of the Army,2
03:21,The History of the 321st Infantry,Clarence Walton Johnson,2
03:22,03 : 22,Nicholas Erba,2
03:23,Ford Laser & Mazda 323 automotive repair manual,Louis LeDoux,2
03:24,COUNTERINSURGENCY - FM 3-24 (2006),U.S. Army,2
03:25,Emils hyss nr 325,Astrid Lindgren,2
03:26,Trailsman 326,Robert J. Randisi,2
03:27,327,Carlos Alfonso Martinez,2
03:28,Stranger's Bride (Heartsong Presents #328),Denise Hunter,2
03:29,The 329th Friend,Marjorie Weinman Sharmat,2
03:30,BIOLOGY 101 KM 3.30,Biology,2
03:31,Oh-Three-Thirty-One,Christopher Bast,2
03:32,Reconnaissance Marine MCI 03.32f,"United States Marine Corps, Jimmy T. LaBaume",2
03:33,333+ Sudoku Puzzles,Million Puzzles,2
03:34,334,Thomas M. Disch,2
03:35,Murder at 3:35,Agatha Christie,0
03:36,Three Thirty-Six,Stephen King,0
03:37,Slocum 337,Jake Logan,2
03:38,The 3:38 Express,Agatha Christie,0
03:39,Longarm 339,Tabor Evans,2
03:40,Flight 340,Avi Steinberg,2
03:41,Case File 341,J. D. Robb,2
03:42,Startling Stories - 03/42,"Malcolm Jameson, R.F. Starzl, John P. Gunnison, Earle K. Bergey",2
03:43,Startling Stories - 03/43,"Norman A. Daniels, Frank Belknap Long, Morrison, William, S.C. Carpenter, John P. Gunnison, Earle K. Bergey",2
03:44,Room 344,John Dunning,2
03:45,Slocum 345,Jake Logan,2
03:46,Barrier 346,Karl Zeigfreid,2
03:47,347 woodworking patterns,Frank W. Cawood and Associates,2
03:48,Longarm 348,Tabor Evans,2
03:49,Highway 349,Max Brand,2
03:50,3:50 from Paddington,Agatha Christie,0
03:51,Longarm 351,Tabor Evans,2
03:52,352nd Fighter Group,Tom Ivie,2
03:53,Room 353,F. Paul Wilson,1
03:54,Case File 354,Ellery Queen,0
03:55,355,Kitty Kelley,1
03:56,Porsche 356,Laurence Meredith,2
03:57,Three Fifty-Seven A.M.,"Hank Stewart, Kendra Norman-Bellamy",2
03:58,Manifesto 358,Tristan Tzara,0
03:59,3:59,Gretchen McNeil,3
04:00,Four o'clock,Mary Borden,2
04:01,HTML 4.01,Matthew Tiernan,2
04:02,Ward 402,Ronald J. Glasser,2
04:03,Room 403,Carolyn Keene,2
04:04,Flight 404,Leslie Glass,2
04:05,4:05 to Paddington,Agatha Christie,0
04:06,"Dodge Dakota & Durango, '04-'06",Haynes Staff,2
04:07,"Streets Of Fire (Superromance, No 407)",Judith Duncan,2
04:08,Pluto nº 04/08,"Naoki Urasawa, Osamu Tezuka, Takashi Nagasaki, Daruma Serveis Lingüistics S.L.",2
04:09,4:09:43,Hal Higdon,2
04:10,10:04,Ben Lerner,3
04:11,4:11: The Time of Reckoning,Stephen King,0
04:12,Longarm 412,Tabor Evans,2
04:13,4:13 to Paddington,Agatha Christie,0
04:14,Four Fourteen,Gillian Flynn,0
04:15,The Four-fifteen Express,Amelia B. Edwards,2
04:16,4:16: A Moment in Time,Haruki Murakami,0
04:17,Love Com nº 04/17,"Aya Nakahara, Daruma Serveis Lingüistics S.L.",2
04:18,Manual for the child behavior checklist/4-18 and 1991 profile,Thomas M. Achenbach,2
04:19,Ranma 1/2 nº 04/19,"Rumiko Takahashi, Daruma Serveis Lingüistics S.L.",2
04:20,Billy Bat nº 04/20,"Takashi Nagasaki, Naoki Urasawa",2
04:21,Nana nº 04/21,"Ai Yazawa, Daruma Serveis Lingüistics S.L.",2
04:22,Room 422,Ann Rule,2
04:23,423 colores,Juan Gallardo,2
04:24,APO 424,United States. Army. General Hospital no. 33,2
04:25,Star Wars Darth Vader nº 04/25,"Salvador Larroca, Kieron Gillen, Víctor Manuel García de Isusi",2
04:26,"Guernica, 26.4.1937",Klaus Autbert Maier,2
04:27,Flight 427,Gerry Byrne,2
04:28,428 AD,Giusto Traina,2
04:29,"Les 4 as, tome 29","Chaulet Georges, François Craenhals",2
04:30,Victoria Four-Thirty,Cecil Roberts,2
04:31,4:31,James Hillman,2
04:32,4:32: The Time Between Night and Day,Haruki Murakami,0
04:33,"4'33""",John Cage,3
04:34,Dragon Ball nº 04/34,Akira Toriyama,2
04:35,Doctor Death – 04/35,John P. Gunnison,2
04:36,Room 436,Stephen King,0
04:37,Thrilling Wonder Stories - 04/37: Adventure House Presents,"Eando Binder, Arthur Leo Zagat, Neil R. Jones, Ray Cummings, Paul Ernst, Simpson Stokes, Arch Carr, Edmond Hamilton, John P. Gunnison",2
04:38,Mark 4:38,Engy Publishing,2
04:39,1839: The Year of Revolution,Terry Eagleton,0
04:40,Rin-ne nº 04/40,Rumiko Takahashi,2
04:41,441 días..,Niceto Alcalá-Zamora y Torres,2
04:42,WordPerfect 4.2,Dennis P. Curtin,2
04:43,Flight 443,John J. Nance,2
04:44,444 Days,Tim Wells,2
04:45,PDP-11/04/34/45/55/60 Processor Handbook,Digital Equipment Corporation,2
04:46,Code 446,Bacca,2
04:47,447. Kunstauktion,Dorotheum (Firm),2
04:48,4.48 Psychosis,Sarah Kane,3
04:49,Flight 449,T. M. Logan,2
04:50,4:50 from Paddington,Agatha Christie,3
04:51,Four Dollars And Fifty-One Cents,Lass Small,2
04:52,4:52: The Time of Reckoning,Stephen King,0
04:53,Four Fifty Three,"Amy Elliott, A. L. Elliott",2
04:54,GAO-04-54 Aviation Safety,United States Government Accountability Office,2
04:55,Improvement Era; 55 No. 04,The Church of Jesus Christ of Latter-,2
04:56,4:56,Carlos Fuentes Lemus,2
04:57,4:57 AM in Brooklyn,Colson Whitehead,0
04:58,"Annual Report Volume 58, no.4",New York State Museum,2
04:59,Room 459,Ann Rule,2
05:00,Five o'clock tea,William Dean Howells,3
05:01,Five Past One: A Mystery,Agatha Christie,0
05:02,Five O Two,Ray Bradbury,0
05:03,Five:03,Haruki Murakami,0
05:04,504 Absolutely Essential Words,"Murray Bromberg, Julius Liebb",2
05:05,505 Quilt Blocks,Better Homes and Gardens,2
05:06,The 5:06 Express,Arthur Conan Doyle,0
05:07,507 Mechanical Movements,Henry T. Brown,2
05:08,Five Eight,Stephen King,0
05:09,509,"Imran Mohd Rasid, Yvonne Tan, Jeremy Lim",2
05:10,510 SUDOKU Puzzles For Adults,Brh Puzzle Books,2
05:11,Nuffield Mathematics 5-11 (Nuffield Maths 5-11 Project),NCCT,2
05:12,Five Twelve,Christopher T. Rand,2
05:13,Zodíaco nº 05/13,"Eric Corbeyran, Albert Agut Iglesias",2
05:14,Karin nº 05/14,Yuna Kagesaki,2
05:15,Trusty Five-Fifteen,G. Frank Lydston,2
05:16,Five to Sixteen,Dorset (England). Education Committee.,2
05:17,The Five Seventeen to Paris,Agatha Christie,0
05:18,The 5.18 Mystery,J. Jefferson Farjeon,2
05:19,Room 519,Lace,2
05:20,520 Quick & Easy Patchwork Designs,Kei Kobayashi,2
05:21,5:21 AM: A Novel,Haruki Murakami,0
05:22,Five Twenty-Two,Michael Connelly,0
05:23,Room 523,Manuel Puig,1
05:24,524 Main Street,Alan Abel,2
05:25,Star Wars Darth Vader nº 05/25,"Salvador Larroca, Kieron Gillen, Víctor Manuel García de Isusi",2
05:26,Room 526,Gerhardt B. Thamm,2
05:27,Five Twenty-Seven,Christie Bittner,2
05:28,MCAT 528,Deeangelee Pooran-Kublall,2
05:29,The 529 Handbook,David Spigarelli,2
05:30,07.30-05.30,Lennart Hagerfors,2
05:31,Boobytraps FM 5-31,Pentagon U.S. Military,2
05:32,GAO-05-32 Embassy Construction,United States Government Accountability Office,2
05:33,533,Cees Nooteboom,2
05:34,Five Thirty-Four: A Novel,Ian McEwan,0
05:35,GAO-05-35G GAO's Agency Protocols,United States Government Accountability Office,2
05:36,Mark Five Thirty-Six,Kathleen Driver,2
05:37,Phentermine 37. 5,Jon Myrrick,2
05:38,Five Thirty-Eight: The Early Edition,Agatha Christie,0
05:39,Startling Stories - 05/39,"Edmond Hamilton, Stanley G. Weinbaum, Alexander Samalman, John P. Gunnison, Howard V. Brown",2
05:40,Paradis 05-40,Charles Dellestable,2
05:41,5 : 41,"Randy Turner, John Hacker",2
05:42,Five Forty Two South Magnolia,Marcelle Harwell,2
05:43,Toriko nº 05/43,"Mitsutoshi Shimabukuro, Daruma Serveis Lingüistics S.L.",2
05:44,5:44 from Paddington,Agatha Christie,0
05:45,5:45 to Suburbia,"M. E. Kerr, Kevin Stillwell",2
05:46,GAO-05-46 Business Systems Modernization,United States Government Accountability Office,2
05:47,Ninety Five Forty-Seven Greely Street,Florence J. Goodman,2
05:48,"Matthieu 5, 48","Journées d'exégèse biblique (11th 2014 Strasbourg, France)",2
05:49,SALVADOR DALÍ (1904-1989)(EURO 5.49),Gilles Néret,2
05:50,Fifty Minutes Past Five,Agatha Christie,0
05:51,Train 551 to Paris,Georges Simenon,0
05:52,Flight 552,Arthur Hailey,0
05:53,Murder at 5:53,P. D. James,0
05:54,GAO-05-54 Workforce Investment Act,United States Government Accountability Office,2
05:55,55/05,"Maurizio Carones, Martina Landsberger",2
05:56,Colt commando 5.56,Marcos Tarre,2
05:57,Five-Fifty-Seven,Corey T. Zurbuch,2
05:58,05:58,Markus Heitz,2
05:59,GAO-05-59 Social Security Numbers,United States Government Accountability Office,2
06:00,Six O'Clock Tales,Enid Blyton,3
06:01,The Thing in Room 601,M. D. Spenser,2
06:02,6:02,Mark A. Clements,2
06:03,Flight 603,John T. Lauber,2
06:04,Six Four,Hideo Yokoyama,2
06:05,Room 605,Arthur Conan Doyle,0
06:06,Suite 606,Nora Roberts,3
06:07,Vulcan 607,Rowland White,2
06:08,608: The Mystery at Dawn,Agatha Christie,0
06:09,Model Course 6.09 Training Course For Instructors,IMO,2
06:10,Six Ten,Rishi Rudra,2
06:11,Six Eleven,Joshua Watson,2
06:12,Daily Butterfly nº 06/12,"森下suu, Carlos Alberto Mingo Gómez de Celis, Irene Tellería",2
06:13,6:13,Marc Elsberg,0
06:14,Flight 614,Arthur Hailey,0
06:15,Happy! nº 06/15,"Naoki Urasawa, Daruma Serveis Lingüistics S.L.",2
06:16,Room 616,Stephen King,0
06:17,617 Squadron,"Chris Ward, Andy Lee, Andreas Wachtel",2
06:18,"Imperial Tombs in Tang China, 618-907",Tonia Eckfeld,2
06:19,619 Squadron,Chris Ward,2
06:20,The 6:20 Man,David Baldacci,3
06:21,621,John Goulet,2
06:22,Inside MS-DOS 6.22,Mark Minasi,2
06:23,Flight 623,Charles E. Mercer,2
06:24,624 Supplement,Allen B. Cohen,2
06:25,Star Wars Darth Vader nº 06/25,"Salvador Larroca, Kieron Gillen, Víctor Manuel García de Isusi",2
06:26,Mazda 626,Ed Scott,2
06:27,The Reader on the 6.27,Jean-Paul Didierlaurent,3
06:28,GAO-06-28 Performance Budgeting,United States Government Accountability Office,2
06:29,Room 629,Vicki-Ann Bush,2
06:30,Flight 630,John Castle,2
06:31,GAO-06-31 Information Security,United States Government Accountability Office,2
06:32,"Short Story International, 32 (Vol 6, no 32)",Sylvia Tankel (ed),2
06:33,Phantom Detective - 06/33,G. Wayman Jones,2
06:34,Dragon Ball Ultimate nº 06/34,"鳥山 明 [Akira Toriyama], Daruma Serveis Lingüistics S.L.",2
06:35,Spicy Mystery Stories – 06/35,"Robert Leslie Bellem, John P. Gunnison, H.J. Ward",2
06:36,Thrilling Mystery - 06/36,"Robert E. Howard, John H. Knox, Richard Tooker, O. M. Cabral, Arthur J. Burks, Wayne Rogers, Hugh B. Cave, G.T. Fleming-Roberts, John P. Gunnison",2
06:37,Six Thirty-Seven: A Novel,Celeste Ng,0
06:38,638 Regiment,Anthony Genualdi,2
06:39,639 essential endgame positions,Eric Schiller,2
06:40,6 : 40 to Montreal,Eva Jurczyk,2
06:41,06 H 41,Jean-Philippe Blondel,2
06:42,6 Ore e 42 Minuti,"Claude Bouchard, Federica Pagnani",2
06:43,Toriko nº 06/43,"Mitsutoshi Shimabukuro, Daruma Serveis Lingüistics S.L.",2
06:44,6:44 AM: A Mystery,Agatha Christie,0
06:45,6.45pm,Robyn Bolam,2
06:46,Six Forty-Six,Stephen King,0
06:47,Cartago Earthquake 6h. 47m. 35s. May 4th 1910,"León Fernández Guardia, Amando Céspedes Marín",2
06:48,Fractal 648,"Cross Stitch Collectibles, Kathleen George",2
06:49,GAO-06-49 Unmanned Aircraft Systems,United States Government Accountability Office,2
06:50,Six Fifty,John Verdon,2
06:51,Six Fifty-One,John Verdon,0
06:52,Train 652,Angela Yvette Thurman,2
06:53,Room 653,A. J. Finn,0
06:54,GAO-06-54 Hospital Quality Data,United States Government Accountability Office,2
06:55,Six Fifty-Five,Agatha Christie,0
06:56,Palindrome 656,C. F. Waller,2
06:57,Rolling with the 657 Crew,"Cass Pennant, Rob Silvester, Rob Sylvester",2
06:58,658,John Verdon,2
06:59,Flight 659,James Patterson,0
07:00,Seven O'Clock Stories,Robert Gordon Anderson,2
07:01,Flight 701,Vikram A. Chandra,1
07:02,702 Things to Do Before You Die,David S. Kidder,1
07:03,Seven Oh Three: A Mystery,Agatha Christie,0
07:04,Seven Four: The Awakening,Stephen King,0
07:05,The 7:05 and the Church Alive,Edwin D. McLane,2
07:06,Room 706,Imogen Parker,2
07:07,707: The Jet Age,Graham M. Simons,2
07:08,708 Days: A Journey,Isabel Allende,0
07:09,709: The Last Train,Michael Connelly,0
07:10,7-10 Split,Karmen Lee,1
07:11,7-Eleven: The Store That Changed America,Jeff Lenard,2
07:12,Seven Twelve: A Memoir,Rosita Adams,1
07:13,Flight 713,John Castle,2
07:14,Karin nº 07/14,Yuna Kagesaki,2
07:15,Hammerin' Hank: The Life of Hank Aaron,Lonnie Wheeler,2
07:16,Seven Sixteen,A. A. Lewis,1
07:17,Seventeen Minutes Past Seven,Shurland James,1
07:18,Room 718,Paul Cornell,2
07:19,7:19,"Jorge Michel Grau, Mayra Espinosa Castro",2
07:20,Billy Bat nº 07/20,"Naoki Urasawa, Takashi Nagasaki, Daruma Serveis Lingüistics S.L.",2
07:21,Nana nº 07/21,Ai Yazawa,2
07:22,722 miles,Clifton Hood,2
07:23,Nogami Neuro nº 07/23,"松井 優征, Daruma Serveis Lingüistics S.L.",2
07:24,Seven Twenty-Four: A Novel,David Baldacci,0
07:25,Room 725,Danielle James,2
07:26,726,l teaching,2
07:27,Boeing 727 scrapbook,Len Morgan,2
07:28,Seven-twenty-eight,Franz von Schönthan,2
07:29,"729 Curious Creatures (Heads, Bodies, Legs)",Helen Oxenbury,2
07:30,7:30,Giacomo Scotti,2
07:31,GAO-07-31 United Nations,United States Government Accountability Office,2
07:32,Lonely in Longtree (Heartsong Presents #732),Jill Stengl,2
07:33,7:33 a.m.,Monda Raquel Webb,2
07:34,Dragon Ball nº 07/34,Akira Toriyama,2
07:35,7:35,Nacho Escuín Borao,2
07:36,A Time to Plant (Heartsong Presents #736),Kelly Eileen Hake,2
07:37,Flight 737,John J. Nance,2
07:38,Phantom Detective - 07/38,"Robert Wallace, Emery Clarke",2
07:39,739 Grove St.,Jeanne Bricker,2
07:40,Real Mystery - 07/40,"Donald Graham, Bruno Fischer, Scott, J. W.",2
07:41,Transport 7-41-R,T. Degens,2
07:42,Flight 742,Danielle Steel,0
07:43,Toriko nº 07/43,"Mitsutoshi Shimabukuro, Daruma Serveis Lingüistics S.L.",2
07:44,744,744,2
07:45,Confessions on the 7 : 45,Lisa Unger,2
07:46,Seven Forty-Six,Agatha Christie,0
07:47,747,"Joseph F. Sutter, Joe Sutter, Jay Spenser",2
07:48,Seven Forty-Eight,Stephen King,0
07:49,7 49 91 Hike,"Colley, Albert S., Jr.",2
07:50,Flight 750,Noah Hawley,0
07:51,The Novel Cure: 751 Books to Cure What Ails You,Ella Berthoud,2
07:52,7.52 to London Bridge,"Julian Kirkman-Page, Alexandra Page",2
07:53,Armies of Ancient Italy 753-218 BC,Gabriele Esposito,2
07:54,Absolute Heilungsziffer des Mammacarcinoms = 7.54%,Reinhard Schürmann,2
07:55,ThinkPad 755C/755Cs User's Guide,International Business Machines Corporation,2
07:56,7.56 Report,John Clarke,2
07:57,Boeing 757,Dan Dornseif,2
07:58,Edgar: the 7:58,Phil Stong,2
07:59,"7 Horas, 59 Minutos",F. C. de la Riva,2
08:00,Tonight at 8:00,Lauri Bortz,2
08:01,801 things you should know,David Olsen,2
08:02,On the 8:02,Lawrence Grow,2
08:03,Eight Oh Three,Agatha Christie,0
08:04,Eight Four: A Morning Mystery,P.D. James,0
08:05,Forty-five minutes past eight,Ward Morehouse,2
08:06,806,Cynthia Weil,2
08:07,Eight Zero Seven,Stephen King,0
08:08,808,Mark Whittaker,2
08:09,809 Jacob Street,Marty Young,2
08:10,Ten Past Eight,"Lucy Cavendish, Miranda Glover, Rachel Jackson, Anne Tuite-Dalton, Jennie Walmsley",2
08:11,11/08/2016,Todd Utzig,2
08:12,Hot Gimmick nº 08/12,Miki Aihara,2
08:13,813,Maurice Leblanc,2
08:14,Eight Fourteen: A Mystery,Agatha Christie,0
08:15,8 : 15,Akiko Mikamo,2
08:16,Straße 816,Michal Ksiazek,2
08:17,Eight Seventeen,Stephen King,0
08:18,818,"Barry Reese, Jamie Addy, Kell Carpenter, LaToya M. Davidson, Dusty Gres",2
08:19,Ranma 1/2 nº 08/19,"Rumiko Takahashi, Daruma Serveis Lingüistics S.L.",2
08:20,Eight Twenty Eight,"Larissa Murphy, Ian Murphy",2
08:21,Nana nº 08/21,"Ai Yazawa, Editorial Planeta S. A.",2
08:22,Saint Seiya nº 08/22,"Masami Kurumada, Daruma Serveis Lingüistics S.L.",2
08:23,Eight Twenty-Three: A Novel,David Mitchell,0
08:24,824 Biscayne,Mu'ayad Abbas,2
08:25,Star Wars Darth Vader nº 08/25,"Salvador Larroca, Kieron Gillen, Víctor Manuel García de Isusi",2
08:26,Eight Twenty-Six,Katherine Applegate,0
08:27,827: The Secret Code,Dan Brown,0
08:28,08-28,Denise Justice-France,2
08:29,6/3 - 8/29/13,Tatiana Lecomte,2
08:30,Tonight at 8:30,Noël Coward,3
08:31,Romans 8 : 31,Engy Publishing,2
08:32,John 8 : 32,Engy Publishing,2
08:33,Eight Thirty-Three: A Novel,David Mitchell,0
08:34,Dragon Ball nº 08/34,Akira Toriyama,2
08:35,8 hōres kai 35 lepta,Phōteinē Tsalikoglou,2
08:36,8 Hours 36 Minutes,Rachel Ruth,2
08:37,Eight Thirty-Seven,Haruki Murakami,0
08:38,8.38,Luis Rodríguez,2
08:39,839-3,Michael Morgan,2
08:40,Rin-ne nº 08/40,Rumiko Takahashi,2
08:41,Eight Forty-One: A Novel,David Mitchell,0
08:42,Tutor Hitman Reborn nº 08/42,Akira Amano,2
08:43,Eight Forty-Three,Haruki Murakami,0
08:44,844 Product Transfer Account Adjustment,Healthcare Distribution Alliance,2
08:45,The Eight Forty-Five,Robert Malcolm Gay,2
08:46,Eight Forty Six,Rosae M. Reeder,2
08:47,Le train de 8 h. 47,Georges Courteline,2
08:48,848,E. V. Lopatkina,2
08:49,849 traditional patchwork patterns,Susan Winter Mills,2
08:50,Eight Fifty-Eight: A Novel,Haruki Murakami,0
08:51,851 fast beauty fixes and facts,Adrien Arpel,2
08:52,8:52 AM: The Train That Never Came,Agatha Christie,0
08:53,853 Days,United States Congress House Committee on Foreign Affairs Subcommittee on the Middle East and South Asia,2
08:54,Eight Fifty-Four,David Mitchell,0
08:55,The 8:55 to Baghdad,Andrew Eames,2
08:56,8:56: The Minute Before,Stephen King,0
08:57,8 Lieder and Songs - for Solo Piano Op. 57,Johannes Brahms,2
08:58,Eight Fifty-Eight,James Patterson,0
08:59,8 : 59,Polly Schattel,2
09:00,Nine O'Clock in the Morning,Dennis J. Bennett,2
09:01,Flight 901,Gordon Vette,2
09:02,9:02: The Oklahoma City Bombing,Michael J. Hightower,2
09:03,Train 903,John E. Gruber,1
09:04,Ubuntu 9.04,Richard Petersen,2
09:05,Room 905,Dalene Matthee,1
09:06,Incident at 9:06,James Patterson,0
09:07,Bus 907,David B. Cole,1
09:08,Porsche 908,"Jörg Thomas Födisch, Jost Neßhöver, Dieter Roßbach, Harold Schwarz",2
09:09,Flight 909,Robert Serling,1
09:10,SolidWorks 09-10 Student Design Kit,SolidWorks,2
09:11,09/11,Catherine Morley,2
09:12,Nine Twelve: A Survivor’s Story,Jeanette Walls,0
09:13,Daytime Shooting Star nº 09/13,"Mika Yamamori, Daruma Serveis Lingüistics S.L.",2
09:14,Nine Fourteen: The Morning Train,Agatha Christie,0
09:15,Nine-fifteen from Victoria,Victor Bayley,2
09:16,Nine Hundred & Sixteen Kids with Ink,916 Ink,2
09:17,At 9: 17,Marla Padula,2
09:18,Room 9-18,Tr3.6.6,2
09:19,Nine Nineteen: A Novel,Stephen King,0
09:20,"Nine Minutes, Twenty Seconds",Gary M. Pomerantz,2
09:21,Nana nº 09/21,"Ai Yazawa, Editorial Planeta S. A.",2
09:22,9/22,Jalil Bahar,2
09:23,September 23,Peter Robinson,2
09:24,924 Gilman,Brian Edge,2
09:25,Murder at 9:25,Agatha Christie,0
09:26,Nine Twenty-Six,Richard Powers,0
09:27,K9-27,Dale Mayer,2
09:28,928 Miles from Home,Kim Slater,2
09:29,Inner Visions by Nevill Drury (1988-09-29),Nevill Drury,2
09:30,Sunday At 09-30 Hours.,Arthur J Hichens,2
09:31,"2019 Collection : Drove Downtown in the Rain, Nine-Thirty on a Tuesday Night","Jerome Wetzel, Samantha Stark, Jon Hogan, Dino Tripodis, Megan Overholt",2
09:32,93.2 Fm,Levi David Addai,2
09:33,Postal Maintenance Mechanic Exam 933,National Learning Corporation,2
09:34,Dragon Ball nº 09/34,鳥山 明 [Akira Toriyama],2
09:35,935 Lies,Charles Lewis,2
09:36,9:36,Agatha Christie,0
09:37,937,Don Zolidis,2
09:38,9 Minutes and 38 Seconds,"Tamica Bostic, Chris Ridley, Shannon Havis, Davilia Beckwith, Tarcace Bostic",2
09:39,Startling Stories - 09/39: Adventure House Presents:,"Robert Moore Williams, Robert Arthur, Lauran Paine, Edmond Hamilton, John P. Gunnison",2
09:40,Startling Stories - 09/40,"Oscar J. Friend, Jack Binder, Benson Herbert, Ray Cummings, Gerald Bowman, John P. Gunnison, Earle K. Bergey",2
09:41,9:41,John Nicholas Iannuzzi,2
09:42,Flight 942 is Missing,A. Scott Pearson,2
09:43,Incident at 9:43,Michael Connelly,0
09:44,Porsche 944,Larry Warren,2
09:45,9:45,Kit Robinson,2
09:46,Case File 946,Patricia Cornwell,0
09:47,Mark 9:47,The Holy Bible,3
09:48,Flight 948,James Patterson,0
09:49,Genesis 49:9,The Holy Bible,3
09:50,"A history of Sparta, 950-192 B.C.",William George Grieve Forrest,2
09:51,Luke 9:51-24:53 (Baker Exegetical Commentary on the New Testament),Darrell L. Bock,2
09:52,Nine Fifty-Two: A Novel,Colson Whitehead,0
09:53,Once@9:53am,Ilan Stavans,2
09:54,Nine Hundred and Fifty-Four Cities,"Katz, E., special advertising agency",2
09:55,"The Battle of Lechfeld and its Aftermath, August 955",Charles R. Bowlus,2
09:56,Porsche 956/962,Peter Morgan,2
09:57,9.57,Nevena Šegota,2
09:58,"Genoa and the Genoese, 958–1528",Steven A. Epstein,2
09:59,"Med äventyr i lasten, 09-59",Evert Taube,2
10:00,Ten O'Clock,James McNeill Whistler,2
10:01,10:01,Lance Olsen,2
10:02,10:02: A Novel,Margaret Atwood,0
10:03,"Every You, Every Me (2011-10-03)",David Levithan,2
10:04,Ten Past Four,Kazuo Ishiguro,0
10:05,1005,Bill Freeman,2
10:06,10:06: The Clock Strikes,Agatha Christie,0
10:07,Ten Oh Seven,Stephen King,0
10:08,St Wulfstan of Worcester c1008-1095,Emma Mason,2
10:09,Ten Zero Nine,Haruki Murakami,0
10:10,10/10 en Maths,Guy Blandino,2
10:11,Development of the L-1011 four-dimensional flight management system,H. P. Lee,2
10:12,10:12 to Nowhere,Agatha Christie,0
10:13,10-13,Roger Blake,2
10:14,1014,Morgan Llywelyn,2
10:15,10:15,Trent Kinsey,2
10:16,Sixteen after ten,Emily Firetog,2
10:17,Ten to Seventeen,Josephine Dodge Daskam Bacon,2
10:18,10-18,Mounin,2
10:19,08.14-10.19,"Rosie Marks, Ben Ganz",2
10:20,Ten Twenty Ten,Stephen Polando,2
10:21,1021: A Novel,Paul Auster,0
10:22,1022 Evergreen Place,"Debbie Macomber, Sandra Burr",2
10:23,10:23,Júlio Dantas,2
10:24,Room 1024,"Racheline Maltese, Erin McRae",2
10:25,10:25 on a Summer Night,Haruki Murakami,0
10:26,Ten Twenty-Six,Raymond Chandler,0
10:27,1027,Eloísa Oliva,2
10:28,10 : 28,"Delphi Dixon, Kate Gaskarth",2
10:29,"Chicago, nineteen-hundred and ten to twenty-nine",Carl W. Condit,2
10:30,Ten-Thirty on a Summer Night,Marguerite Duras,3
10:31,10:31,Jacqueline Druga,2
10:32,10:32: A Novel,Paul D. Marks,1
10:33,10:33: The Time of Death,Peter James,0
10:34,Four Novels: Afternoon of Mr. Andesmas: Ten-Thirty on a Summer Night: Moderato Cantabile,Marguerite Duras (Et Al),2
10:35,Thrilling Mystery - 10/35,"G.T. Fleming-Roberts, Paul Ernst, J. Allan Dunn, Arthur J. Burks, C.K.M. Scanlon, Robert Wallace, Allan K. Echols, Laurence Donovan, Ray Cummings, John P. Gunnison",2
10:36,Secret Agent X - 10/36,"Brant House, William E. Luberoff",2
10:37,10:37,Jacqueline Druga,2
10:38,10 Minutes 38 Seconds in This Strange World,Elif Şafak,2
10:39,10:39,Jacqueline Druga,1
10:40,Ten-Forty Handbook,"Prentice-Hall, inc.",2
10:41,Ten Forty-One: A Novel,James Patterson,0
10:42,Nuffield 10/42 & 10/60 Tractors,British Motor Corporation Service Limited,2
10:43,Andromaque 10-43,Lionel Chiuch,2
10:44,Improvement Era; 44 No. 10,The Church of Jesus Christ of Latter-,2
10:45,10-45 Spells Death,"Kathy McCormack Carter, William J. McCormack",2
10:46,1046,"D. S. Pais, Italo Régis",2
10:47,Ten Forty-Seven,Agatha Christie,0
10:48,Glitch 1048,Robert V. Mikkelson,2
10:49,1049 Club,Kim Pritekel,2
10:50,Ten Fifty,Joseph Heller,0
10:51,Ten Fifty-One,Georgia Lawrence,2
10:52,10:52: A Novel,John Grisham,0
10:53,Improvement Era; 53 No. 10,The Church of Jesus Christ of Latter-day Saints,2
10:54,10:54,George Orwell,0
10:55,Ten Fifty-Five,Agatha Christie,0
10:56,"10:56:20 P. M., EDT, 7/20/69",CBS News,2
10:57,Ten Fifty-Seven,M. K. Lazar,2
10:58,10:58,Stephen King,0
10:59,Law 10-59,Vietnam,2
11:00,Jokohama 11:00,Jiří Hronek,2
11:01,"Catalogue of 65 lots of land, to be sold on account of the Market Bank, at the United States Hotel, in Boston, Monday, December 14, 1840, at eleven o'clock, A.M","Market Bank (Boston, Mass.)",2
11:02,11th Asian Test Symposium (ATS'02),Asian Test Symposium (11th 2002 Guam),2
11:03,11.03: The Day Everything Changed,Haruki Murakami,0
11:04,11:04,E. J. Henry,2
11:05,1105 Yakima Street,"Debbie Macomber, Sandra Burr",2
11:06,Drachenfels 11:06,Allen Brookins-Brown,2
11:07,11:07,Jonathan Kellerman,0
11:08,11:08: A Novel,Gillian Flynn,0
11:09,11/09,Chris Day,2
11:10,11:10 from Paddington,Agatha Christie,0
11:11,11:11,Marie D. Jones,2
11:12,11 Before 12,Lisa Greenwald,2
11:13,Flight 1113,James Patterson,0
11:14,Room 1114,Stephen King,0
11:15,11:15 Express,Agatha Christie,0
11:16,The Mystery of 1116,Arthur Conan Doyle,0
11:17,11:17: A Moment in Time,Haruki Murakami,0
11:18,"Novel 11, Book 18","Dag Solstad, Sverre Lyngstad",2
11:19,Introduction to Career Learning and Development 11-19,"Anthony Barnes, Barbara Bassot, Anne Chant",2
11:20,Billy Bat nº 11/20,Naoki Urasawa,2
11:21,"11-21, rue d'Alsace, Paris",Muriel Gremillet,2
11:22,11/22/63,Stephen King,3
11:23,Eleven Twenty-Three,Jason S. Hornsby,2
11:24,11:24,Haruki Murakami,0
11:25,1125 Jahre Dielkirchen,Walter Schitter,2
11:26,Eleven Twenty-Six,Agatha Christie,0
11:27,11:27,Margaret Atwood,0
11:28,1128,Elliott Taylor,2
11:29,"Dedicatory program, Hall of civil rights, Lafayette College, Easton, Pennsylvania, eleven o'clock, a.m., May twenty-nine, 1930","Lafayette College (Easton, Northampton County, Pa.)",2
11:30,Around 11 : 30,Yasmin Neal,2
11:31,11:31: A Novel,Stephen King,0
11:32,11:32 to Paris,Paula Hawkins,0
11:33,Master Numbers 11 22 33,Felicia Bender,2
11:34,Room 1134,Ruth Ware,0
11:35,Jesus Wept John 11 : 35 Notebook,Alison Gail,2
11:36,Case File 1136,Michael Connelly,0
11:37,Improvement Era; 37 No. 11,The Church of Jesus Christ of Latter-,2
11:38,THX 1138,George Lucas,3
11:39,SPICY-ADVENTURE STORIES 11/39,"Robert Leslie Bellem, H. J. Ward",2
11:40,11 : 40,Brad Payne,2
11:41,Sudoku Fillomino - 200 Normal Puzzles 11x11 (Volume 41),Dart Veider,2
11:42,1142,Richard Alan King,2
11:43,LZR-1143,Bryan James,2
11:44,"Brudder Bones' ""4-11-44"" joker",Henry J. Wehman,2
11:45,Eleven Forty-Five,Agatha Christie,0
11:46,"Dynasty of Chernigov, 1146-1246",Martin Dimnik,2
11:47,PERTO DO CORAÇÃO SELVAGEM -(EURO 11.47),Clarice Lispector,2
11:48,09/11 8:48 am,Ethan Casey (editor) BlueEar.com,2
11:49,"Non-Refundable Groom (Harlequin/Silhouette, No. 1149)",Patty Salier,2
11:50,"Dress accessories, c. 1150-c. 1450","Geoff Egan, Frances Pritchard",2
11:51,"Thesis 11, Number 51",Sage Journals Staff,2
11:52,Improvement Era; 52 No. 11,The Church of Jesus Christ of Latter-day Saints,2
11:53,Valentine Baby (Silhouette Special Ed. No. 1153) (That's My Baby series),Gina Wilkins,2
11:54,"11-54, l'aube des héros",Abdeslam Haderbache,2
11:55,Eleven Fifty-Five,James Patterson,0
11:56,Cohete Fallido 11-56,Diana Barrales Hernández,2
11:57,11;57,Brian Rowe,2
11:58,11 : 58,Jeb Taylor,2
11:59,11:59,Marlon Hayes,2
12:00,1200 MCQs in medicine,P. R. Fleming,2
12:01,12:01,Jonathan Heap,3
12:02,1202,Frane Herenda,2
12:03,Room 1203,Andy Caldwell,2
12:04,"The rise of Islam and the Bengal frontier, 1204-1760",Richard Maxwell Eaton,2
12:05,12:05,Michael O'Connor,1
12:06,Twelve Past Six,Agatha Christie,0
12:07,1207,Torkel Sjortrand,2
12:08,Room 1208,Sophia Renny,2
12:09,"Béziers, 1209",Jean d'Aillon,2
12:10,Chemistry 1210,Sanders,2
12:11,Twelve Eleven: A Novel,Margaret Atwood,0
12:12,12/12,Frederick Koch,2
12:13,1213: The Year of the Mongol,John Man,1
12:14,Twelve Fourteen,Paul Auster,0
12:15,1215: The Year of Magna Carta,John Gillingham,3
12:16,Twelve to Sixteen,"Jerome Kagan, Robert Coles, J. M. Tanner, Chad Gordon, Peter Blos",2
12:17,1217: The Siege of Damietta,Catherine Hanley,1
12:18,Safe Haven (2012-12-18),Nicholas Sparks,2
12:19,Room 1219,Greg Merritt,2
12:20,1220 Days,Edmond Joseph Babler,2
12:21,12.21,Dustin Thomason,2
12:22,1222,Anne Holt,2
12:23,Twelve Twenty-Three,Eoin McNamee,2
12:24,Christmas Eve/Sarajevo 12/24,"Paul O'Neill, Robert Kinkel, Trans-Siberian Orchestra, Bob Phillips, George Megaw",2
12:25,1225 Christmas Tree Lane,Debbie Macomber,3
12:26,Twelve Twenty-Six,Agatha Christie,0
12:27,1227 Qi Facts To Blow Your Socks Off,"John Lloyd, John Mitchinson, James Harkin",2
12:28,"Jacopone da Todi, poet and mystic, 1228-1306, a spiritual biography",Evelyn Underhill,2
12:29,12 Going on 29,Silvana Clark,2
12:30,The 12:30 from Croydon,Freeman Wills Crofts,2
12:31,12:31,Jamal Story,2
12:32,1232 Km,Vinod Kapri,2
12:33,Flight 1233,Arthur Hailey,0
12:34,12:34,Jamal Story,2
12:35,Spicy Mystery Stories – 12/35,"Ellery Watson Calder, John P. Gunnison",2
12:36,Twelve Thirty-Six,Agatha Christie,0
12:37,"The Last of the Mallorys (Harlequin Romance Ser., No. 1237)",Kay Thorpe,2
12:38,Latin treatises on comets between 1238 and 1368 A.D,Lynn Thorndike,2
12:39,MacDowell 12 Etudes Op.39,Edward MacDowell,2
12:40,"Finally His Bride (The Whitaker Brides) (Silhouette Special Edition, 1240: the Whitaker Brides)",Christine Flynn,2
12:41,Thrilling Wonder Stories - 12/41,"Malcolm Jameson, Ray Cummings, Morrison, William, Frank Belknap Long, H.L. Gold, Charles Stoddard, John P. Gunnison, Earle K. Bergey",2
12:42,Lake Peipus 1242,David Nicolle,2
12:43,Toriko nº 12/43,Mitsutoshi Shimabukuro,2
12:44,Code 1244,"Ric Conrad, Sheri Conrad",2
12:45,Knackersons Arrive At 12 : 45,Grace Gilliam,2
12:46,12:46 from Paddington,Agatha Christie,0
12:47,1247,W. G. Smith,2
12:48,1248-1998 IEEE Guide for the Commissioning of Electrical Systems in Hydroelectric Power Plants (IEEE 1248-1998),Institute of Electrical and Electronics Engineers,2
12:49,Q 12:49-59,"E. Peters, Albrecht Garsky, Carruth S.",2
12:50,"The Oxford Book of English Verse, 1250-1900",Arthur Quiller-Couch,2
12:51,"Simon de Montfort & his cause, 1251-1266",William Holden Hutton,2
12:52,The History of Currency: 1252 to 1894,William Arthur Shaw,2
12:53,"The Journey of William of Rubruck to the Eastern Parts of the World, 1253-55","William Woodville Rockhill, Willem Van Ruysbroeck, William Woodville Giovanni",2
12:54,Twelve Fifty-Four: A Mystery,Agatha Christie,0
12:55,Ihre Maschine startet 12 Uhr 55,Walter Schreiber,2
12:56,Twelve Fifty-Six,Stephen King,0
12:57,1257,Olivia Stella,2
12:58,Juvenile Instructor; 58 No. 12,George Q. Cannon,2
12:59,12/59 Shuttle from Yesterday to Today,William Holland,2
13:00,De 13:00 a 17:00 Hs.,Alfredo P. Llugain,2
13:01,Diplomatari de l'Orient català (1301-1409),Antonio Rubió y Lluch,2
13:02,1302,Jos Vermaere,2
13:03,Thirteen Minutes Past One,Agatha Christie,0
13:04,1304 Cherry Lane,Kimberly Hathaway,2
13:05,Langue[dot]doc 1305,Gillian Polack,2
13:06,One O'Clock and Six Minutes,Stephen King,0
13:07,Boxap 13-07,Amalia Anastasio,2
13:08,1308,Andreas Speer,2
13:09,ENSOLARANDO SOMBRAS -(EURO 13.09),Vera Brant,2
13:10,Math 1310,Juhler,2
13:11,Flight 1311,David L. Golemon,2
13:12,"Templiers, 1118-1312",Amand Rastoul,2
13:13,113 Minutes,"James Patterson, Max DiLallo",2
13:14,Bannockburn 1314,"Graham Turner, Peter Armstrong",2
13:15,Room 1315,R.L. Stine,2
13:16,"Theology at Paris, 1316-1345",Chris Schabel,2
13:17,Train 1317,John Grisham,0
13:18,Mail-Order Cinderella (Silhouette Desire No. 1318) (Fortune's Children),Kathryn Jensen,2
13:19,"Diario, 1299-1319",Giovanni di Lemmo Armaleoni da Comugnori,2
13:20,1320: The Turning Point,Barbara Tuchman,0
13:21,Thirteen Twenty-One,Agatha Christie,0
13:22,1322: A Year of Shadows,Ken Follett,0
13:23,491 Days: Prisoner Number 1323/69 (Modern African Writing Series),"Winnie Madikizela-Mandela, Ahmed Kathrada",2
13:24,13 : 24,M. Dolon Hickmon,2
13:25,"The Bulletin of the Fluvanna County Historical Society, Issues 13-25",Fluvanna County Historical Society,2
13:26,Accounting 13-26 Working Papers,HORNGREN,2
13:27,Isaiah 13-27,Hans Wildberger,2
13:28,Acts 13-28,John MacArthur,2
13:29,"David II, 1329-71",Michael A. Penman,2
13:30,At One-Thirty,Isabel Ostrander,2
13:31,Thirteen Thirty-One,Agatha Christie,0
13:32,1332: The Year of the Black Death,Barbara Tuchman,0
13:33,Room 1333,Stephen King,0
13:34,A History of Japan to 1334,George Sansom,2
13:35,One Thirty-Five,David Melges,2
13:36,"Gold Fanams, 1336-2000",Hans Herrli,2
13:37,1337,Ben Becker,2
13:38,Room One Thirty-Eight,Victoria Greyson,2
13:39,1339 ... or so,Trevanian,2
13:40,Crusader vs M13/40,"David Greentree, Johnny Shumate, Alan Gilliland",2
13:41,ASCE standard ASCE/SEI 41-13,American Society of Civil Engineers,2
13:42,One forty-two,Henry M. Hyde,2
13:43,Toriko nº 13/43,"Mitsutoshi Shimabukuro, Daruma Serveis Lingüistics S.L.",2
13:44,Set Sail : Ai : Adapted from Acts 27:13-44,"Peggy M. Wilber, Marianne Hering",2
13:45,1345,Lorenzo Tanzini,2
13:46,1346,"Ole J. Benedictow, Ole Jørgen Benedictow",2
13:47,Thirteen Forty-Seven,Agatha Christie,0
13:48,13 bandas y 48 estrellas,Rafael Alberti,2
13:49,Thirteen Forty-Nine,Jane Anstey,2
13:50,Czechoslovakian Glass Thirteen Fifty to Nineteen Eighty,Corning Museum of Glass,2
13:51,"The Black Death, 1347-1351",Daniel Cohen,2
13:52,13:52: Flight to Disaster,Michael Dobbs,0
13:53,Coburg 1353,"Reinhardt Butz, Gert Melville",2
13:54,1:54,"Denise Robert, England, Diane (Film producer), Yan England",2
13:55,1355: The Battle of Poitiers,David Nicolle,2
13:56,Thirteen Fifty-Six: A Medieval Mystery,Ellis Peters,0
13:57,Robinson Crusoe (1357),Daniel Defoe,2
13:58,Last Message 13.58,Bill Pollock,2
13:59,1 : 59,Philip Maffetone,2
14:00,1400: The Year the Renaissance Began,James H. Overfield,2
14:01,"The Battle of Ankara, 1401",Halil Inalcik,1
14:02,"African Prester John and the Birth of Ethiopian-European Relations, 1402-1555",Matteo Salvadore,2
14:03,Shrewsbury 1403,"Dickon Whitewood, Graham Turner",2
14:04,Ubuntu 14.04 LTS Desktop,Richard Leland Petersen,2
14:05,1405: The Year the World Turned,John Man,1
14:06,Chemistry 1406,"Lester C. Hall, David G. Burleson, William C. Davis, Joseph D. Whitson, Van Lopez",2
14:07,1407 Broadway,Joel Gross,2
14:08,1408,Stephen King,3
14:09,1409: The Forgotten Year,Barbara Tuchman,0
14:10,Tannenberg 1410,Stephen Turnbull,2
14:11,1411,Francesca Abbozzo,2
14:12,1412: The Year the World Changed,Dan Jones,0
14:13,1413: A Medieval Chronicle,Barbara Tuchman,0
14:14,1414º,Paul Bradley Carr,2
14:15,1415: Henry V's Year of Glory,Ian Mortimer,2
14:16,1416: The Forgotten Century,Peter Frankopan,0
14:17,Fourteen Seventeen: The Turning Point,Simon Schama,0
14:18,14-18: Understanding the Great War,"Stéphane Audoin-Rouzeau, Annette Becker",2
14:19,Teaching 14-19,Georgina Donovan,2
14:20,"Proceedings of the 14th International Conference on Low Temperature Physics, Otaniemi, Finland, August 14-20, 1975",International Conference on Low Temperature Physics (14th 1975 Otaniemi),2
14:21,14 - 21,Duarte Amaral Netto,2
14:22,"Biographia Literaria, Chapters 1-4, 14-22",Samuel Taylor Coleridge,2
14:23,"1,423 QI Facts to Bowl You Over","John Lloyd, James Harkin, Anne Miller",2
14:24,Fourteen Twenty-Four: A Novel,Ian McEwan,0
14:25,Educational and Vocational Guidance Services for the 14-25 Age Group,"Commission of the European Communities, F. Spoek, L. Busshoff, K. A. Heller, A. G. Watts, J. Chamberlain, J. Tetteri",2
14:26,"Accounting, Chapters 14-26","Carl Warren, James M. Reeve, Jonathan Duchac",2
14:27,John 14:27,Engy Publishing,2
14:28,Fourteen to Twenty-Eight,Sherry Pattison,2
14:29,Betrayed (Part Two: Chapters 14-29),Jacqui Rose,2
14:30,Two Thirty,Nicholas Sparks,0
14:31,Norwich Heresy Trials Fourteen Twenty Eight to Fourteen Thirty One (Rhs Camden Fourth Ser Vol 20),Norman P. Tanner,2
14:32,PIC32 FRM Section 14. Timers,Jade Lee,2
14:33,"Marsile Ficin, 1433-1499",Raymond Marcel,2
14:34,1434,Gavin Menzies,2
14:35,"Evangelium Nach Lukas (Lk 9,51-14,35)",Francois Bovon,2
14:36,Improvement Era; 36 No. 14,The Church of Jesus Christ of Latter-,2
14:37,"Nuclear magnetic moments of nitrogen(14), chlorine(37), and indium(115)",Forrest Rosecrans Biard,2
14:38,Luke 22:14-38,Calvin K. Katter,2
14:39,Lido for Time 14 : 39,Brad Lewis,2
14:40,Regulations Concerning Tongues and Prophecy in 1 Corinthians 14. 26-40,Elim Hiu,2
14:41,From 14 To 41,Suzanne Purewal,2
14:42,The Case of the Missing Clock: Fourteen Forty-Two,Agatha Christie,0
14:43,Toriko nº 14/43,"Mitsutoshi Shimabukuro, Daruma Serveis Lingüistics  S.L.",2
14:44,14.44,Bohdan Zadura,2
14:45,"Rhapsodies, op. 14, 45/I",Antonín Dvořák,2
14:46,"11 septembre, Paris, 14h46",Mikaël Guedj,2
14:47,D.AFONSO HENRIQUES - Biografia -(EURO 14.47),Diogo Freitas do Amaral,2
14:48,1448,Christopher Brown,2
14:49,Sudoku Hidoku - 200 Master Puzzles 14x14 (Volume 49),Dart Veider,2
14:50,"Thursday Dec. 14, '50",United States. Department of Agriculture. Production and Marketing Administration,2
14:51,Fahrenheit 1451,Ray Bradbury,0
14:52,Leonardo da Vinci 1452-1519,"Frank Zöllner, Johannes Nathan",2
14:53,Train 1453 to Istanbul,Ayşe Kulin,2
14:54,Comparison of skinfold measurements under normally hydrated and dehydrated conditions in females ages 14 to 54,Kim Anne Botenhagen,2
14:55,"Cobar, sheet SH/55-14 Australian national grid",R. L. Brunker,2
14:56,Crusade Of 1456,James D. Mixson,2
14:57,14:57 do Czyty,Igor T. Miecik,2
14:58,Quattro anni di storia genovese 1454-[14]58,Pia Sacchi Orlandini,2
14:59,14:59,Heather Noelle Davis,2
15:00,Three O'Clock,Cornell Woolrich,3
15:01,Fifteen Minutes Past Three,Agatha Christie,0
15:02,Veto--S. 1502 (PM 128),United States. President (1993-2001 : Clinton),2
15:03,Fifteen Hundred and Three,Hilary Mantel,0
15:04,Fifteen Four,John le Carré,0
15:05,Fifteen Hundred and Five,Ken Follett,0
15:06,Fifteen Oh Six,Stephen King,0
15:07,Zerbster Prozessionsspiel 1507,Willm Reupke,2
15:08,"Andrea Palladio, 1508-1580","Manfred Wundram, Thomas Pape, TETRIS, Paolo Marton",2
15:09,Fifteen Point Nine,Holly Dobbie,2
15:10,The 3:10 to Yuma,Elmore Leonard,3
15:11,"A History of Slavery in Cuba, 1511 to 1868",Hubert Hillary Suffern Aimes,2
15:12,Charles de Sainte-Marthe (1512-1555),Caroline Ruutz-Rees,2
15:13,John Fifteen Thirteen,John Nicholas Cassel,2
15:14,1514,Ludongguanchashi,2
15:15,The 3:15 Experiment,"Bernadette Mayer, Lee Ann Brown, Jen Hofer, Danika Dinsmore",2
15:16,Utopia (1516),Thomas More,3
15:17,The 15:17 to Paris,Anthony Sadler,2
15:18,Room 1518,Invented: Agatha Christie,0
15:19,The First Voyage Around the World (1519-1522),"Antonio Pigafetta, Theodore J. Cachey",2
15:20,"Kongres Bahasa Jawa, Semarang, 15-20 Juli 1991","Kongres Bahasa Jawa (1st 1991 Semarang, Indonesia)",2
15:21,The Hormone Reset Diet: Heal Your Metabolism to Lose Up to 15 Pounds in 21 Days,Sara Gottfried M.D.,2
15:22,Camping- Notizbuch 120 Seiten 15x22cm Liniert,Frank H. Publishing,2
15:23,Fifteen Twenty-Three: A Novel,Ian McEwan,0
15:24,Abomination of Desolation in Matthew 24. 15,Michael P. Theophilos,2
15:25,Dada 15 / 25,Raoul Schrott,2
15:26,"U.N. Conference to Review and Appraise the U.N. Decade for Women, July 15-26, 1985","World Conference to Review and Appraise the Achievements of the United Nations Decade for Women (1985 Nairobi, Kenya)",2
15:27,Fifteen Twenty-Seven: A Case for Poirot,Agatha Christie,0
15:28,"Trystenʹ, 15-28 VII 1916",Boris Viktorovich Adamovich,2
15:29,Les 15-29,Erik Grandjean,2
15:30,Fifteen-thirty,Helen Wills,2
15:31,"Book of Proverbs, Chapters 15-31",Bruce K. Waltke,2
15:32,"Tudor Tracts, Fifteen Thirty-Two to Fifteen Eighty-Eight",A. W. Pollard,2
15:33,Method 15/33,Shannon Kirk,2
15:34,"Paul's Cross Sermons, Fifteen Thirty-Four to Sixteen Forty-Two",Millar MacLure,2
15:35,Fifteen dollars and thirty-five cents,Kathryn Cole,2
15:36,1536,Suzannah Lipscomb,2
15:37,Magi El laberinto de la magia nº 15/37,"Shinobu Ohtaka, Daruma Serveis Lingüistics S.L.",2
15:38,Fifteen Thirty-Eight: A Novel,Agatha Christie,0
15:39,"Bulletin, Issues 15-39",United Provinces of Agra and Oudh (India),2
15:40,Rin-ne nº 15/40,"Rumiko Takahashi, Daruma Serveis Lingüistics S.L.",2
15:41,Fifteen Forty-One: A Novel,Hilary Mantel,0
15:42,Fifteen Forty-Two: The Hour of Reckoning,Ken Follett,0
15:43,Toriko nº 15/43,"Mitsutoshi Shimabukuro, Daruma Serveis Lingüistics S.L.",2
15:44,15 Estudios Expresivos Op.44,Giuseppe Concone,2
15:45,The 15 and the 45,John Langdon-Davies,2
15:46,Fifteen Forty-Six: A Detective Story,Agatha Christie,0
15:47,Two Thousand Three Hundred and Forty Seven 2347,Ricardo Alves-Ferreira,2
15:48,"Revue 48/14, numéro 15",Collectif,2
15:49,By Augustus Goetz - The Heiress (11/15/49),Augustus Goetz,2
15:50,Fifteen Fifty,Eneas Barros,2
15:51,Fifteen Fifty-One,Jarosław Kozłowski,2
15:52,1552: The Year of the Siege,Zsolt Százdi Sztakó,2
15:53,"English Art, 1553-1625",Eric Mercer,2
15:54,"15 West 54th Street House, Borough of Manhattan",New York (N.Y.). Landmarks Preservation Commission,2
15:55,Fifteen Fifty-Five,A. L. Kennedy,0
15:56,15 Days in '56,Bruce Howard,2
15:57,3:57 A.M.,Nick Pirog,2
15:58,15:58,Jean-Pierre Dupuy,0
15:59,3:59,Gretchen McNeil,2
16:00,Albertov 16:00,"Alena Müllerová, Vladimír Hanzel",2
16:01,1601,Mark Twain,3
16:02,1602,Neil Gaiman,3
16:03,Flight 1603,James Patterson,0
16:04,Ubuntu 16.04 LTS Server Guide,Ubuntu Documentation Project,2
16:05,1605: The Gunpowder Plot,Antonia Fraser,2
16:06,The Year 1606: Shakespeare and the Year of Lear,James Shapiro,2
16:07,1607: A New Look at Jamestown,Karen Lange,2
16:08,"Histoire des canadiens-français, 1608-1880",Benjamin Sulte,2
16:09,1609: The Year Galileo Changed the Universe,Galen Rowell,0
16:10,Ten Minutes Past Four,Agatha Christie,0
16:11,1611,Helen Wilcox,2
16:12,"The Alchemist, 1612",Ben Jonson,2
16:13,Murder at Four Thirteen,Dorothy L. Sayers,0
16:14,"The Complete Book of Emigrants in Bondage, 1614-1775",Peter Wilson Coldham,2
16:15,The Four-fifteen Express,Amelia B. Edwards,2
16:16,Sixteen Minutes After Four,P.D. James,0
16:17,417,Julian Mayfield,2
16:18,"The Habsburg Monarchy, 1618-1815",Charles W. Ingrao,2
16:19,Nineteen Minutes Past Four,Jodi Picoult,0
16:20,"Furniture of the Pilgrim Century, 1620-1720: 1620-1720, Including Colonial ...",Wallace Nutting,2
16:21,"Proceedings of the Eighth World Congress of Jewish Studies, Jerusalem, August 16-21, 1981",World Congress of Jewish Studies (8th 1981 Jerusalem),2
16:22,"Textiles, cordage and raw fibre from 16-22 Coppergate","Penelope Walton Rogers, Walton",2
16:23,Sixteen Twenty-Three: The Lost Colony,Hilary Mantel,0
16:24,16 theke 24,Pinākī Ghosha,2
16:25,Fortean Times 16-25,Paul Sieveking,2
16:26,Sixteen Twenty-Six: A Novel,Ken Follett,0
16:27,"Business Conditions, Issues 16-27",American Eagle Fire Insurance Company,2
16:28,"Wonder-working Providence, 1628-1651","Edward Johnson, J. Franklin Jameson",2
16:29,"Metropolis, 16-29",Robert Fitterman,2
16:30,Victoria Four-Thirty,Cecil Roberts,2
16:31,Proverbs 16-31,Eddie Cloer,2
16:32,1632,Eric Flint,2
16:33,Sixteen Thirty-Three: The Turning Point,Hilary Mantel,0
16:34,The Road to 1634,"Eric Flint, Virginia DeMarce",2
16:35,1635,"Eric Flint, Andrew Dennis",2
16:36,Sixteen Thirty-Six: A Novel,Ken Follett,0
16:37,1637,"Eric Flint, Paula Goodlett, Gorg Huff",2
16:38,Early Massachusetts Press Sixteen Thirty Eight-Seventeen Eleven,George Emery Littlefield,2
16:39,Campanella Fifteen Sixty-Eight to Sixteen Thirty-Nine,Leon Blanchet,2
16:40,"The English Revolution, 1640",Christopher Hill,2
16:41,Sixteen Forty-One: A Novel,Hilary Mantel,0
16:42,"The Garrisons of Shropshire During the Civil War, 1642 [i.e. Sixteen Forty-two]-48 [i.e. Forty ..",British Museum,2
16:43,Sixteen Forty-Three,Philippa Gregory,0
16:44,H15-44 and H16-44,David R. Sweetland,2
16:45,Manila 1645,Pedro Luengo,2
16:46,"The English accidence, 1646",Joshua Poole,2
16:47,"The King's war, 1641-1647",Veronica Wedgwood,2
16:48,4.48 Psychosis,Sarah Kane,3
16:49,Sixteen Forty-Nine: The Year of Revolution,Antonia Fraser,0
16:50,4:50 from Paddington,Agatha Christie,3
16:51,Six Minutes to Five,Agatha Christie,0
16:52,"Aquifer-test data and borehole-flow-test results from monitoring well 16P52 at the south trend development area number 1, McKinley County, New Mexico",Ken Stevens,2
16:53,Murder at 4:53,Dorothy L. Sayers,0
16:54,The Horus Heresy nº 16/54 La era de la oscuridad,"AA. VV., Juan Pascual Martínez Fernández",2
16:55,At 4:55 in the Afternoon,Gabriel García Márquez,0
16:56,4:56,Carlos Fuentes Lemus,2
16:57,The Clock Strikes 4:57,P. D. James,0
16:58,Diaries of Howard Leopold Morry - Volume 20 : (June 16 '58 - Feb. 16 '59),"Christopher J. A. Morry, Howard Leopold Morry",2
16:59,Four Fifty-Nine,Ian McEwan,0
17:00,Insasse 08 : 00-17 : 00,D. Wolter,2
17:01,Seventeen Minutes Past Five,Agatha Christie,0
17:02,Clipper 5.02,Gorki Starlin,2
17:03,Five Past Five: 17:03,Stephen King,0
17:04,5:04 P.M.,Santa Cruz Sentinel Newspaper Staff,2
17:05,"Luca Giordano, 1634-1705",Luca Giordano,2
17:06,Premises liability (91-17.06),Janet L. Maloof,2
17:07,Seventeen Zero Seven,Ian Fleming,0
17:08,Bronisława Wajs Papusza (17.08.1908-08.02.1987),"Anna Sokółka, Danuta Zielińska, Wojewódzka i Miejska Biblioteka Publiczna w Gorzowie Wielkopolskim",2
17:09,Seventeen Fifty Nine,F.J. McLynn,2
17:10,"Arabic and Persian in Carnatic, 1710-1960",Muhammad Yousuf Kokan Umari,2
17:11,17-11-70,Elton John,2
17:12,Five Twelve,Christopher T. Rand,2
17:13,"Papers of Thomas Bowery, Sixteen Sixty-Nine to Seventeen Thirteen (Hakluyt Society Ser .: No 2 Vol 58)",Richard Carnac Temple,2
17:14,English Revolution Sixteen Three-Seventeen Fourteen,Idris Deane Jones,2
17:15,Seventeen Fifteen: A Novel,Ken Follett,0
17:16,Cahiers (1716-1755),Charles-Louis de Secondat baron de La Brède et de Montesquieu,2
17:17,TwoCor Five.Seventeen,J. Stone Ross,2
17:18,Seventeen Eighteen Past Lies Waiting,E. J. Lamprey,2
17:19,Charles XII and the Collapse of the Swedish Empire 1682-1719,Robert Nisbet Bain,2
17:20,Seventeen Twenty: A Novel,A. Lambton,2
17:21,17-21,Tatsuki Fujimoto,2
17:22,Reports. 1689-1722,Great Britain. Court of Chancery.,2
17:23,7/23/17,Lindsay Anderson,2
17:24,Estudos 17/24,Gláucio Veiga,2
17:25,Star Wars Darth Vader nº 17/25,"Salvador Larroca, Kieron Gillen, Víctor Manuel García de Isusi",2
17:26,Seventeen Twenty-Six,Agatha Christie,0
17:27,Five Twenty-Seven,Christie Bittner,2
17:28,An Exegetical Summary of Matthew 17-28,Abernathy David,2
17:29,Oxygen-17 and Silicon-29,"J.-P Kintzinger, H. Marsmann",2
17:30,"Exposition Picasso, 17 juin - 30 juillet 1932",Charles Vrancken,2
17:31,Estudio-Vida Romanos Mensajes 17-31,Witness Lee,2
17:32,Beethoven Piano Sonatas 17-32,Ludwig van Beethoven,2
17:33,FM 17-33 the tank company,Bruce A. Hanesalo,2
17:34,"Thacher-Thatcher Genealogy, Parts 17-34",John R 1856-1936 Totten,2
17:35,Seventeen Thirty-Five: A Mystery,Agatha Christie,0
17:36,Mark Five Thirty-Six,Kathleen Driver,2
17:37,"Lucas, 17:37",Rafael Freda,2
17:38,"ANSI/IES/AVIXA RP-38-17, Recommended Practice","The Lighting for Videoconference and Presentation Committee of the Illuminating Engineering Society, AVIXA Videoconferencing Lighting Task Group and Standards Steering Committee",2
17:39,"Varsity, October 3, 1919 - March 17, 1920; 39",University of Toronto,2
17:40,Seventeen Forty: A Novel,Hilary Mantel,0
17:41,Seventeen Forty-One,David McCullough,0
17:42,The Battle of 1742,Simon Schama,0
17:43,Case File 17:43,Patricia Cornwell,0
17:44,Seventeen Forty-Four,Ken Follett,0
17:45,Murder at 17:45,Agatha Christie,0
17:46,Train 1746 to Paris,Paula Hawkins,0
17:47,The 17:47 Express,Graham Greene,0
17:48,Flight 1748,Michael Crichton,0
17:49,Incident at 17:49,John Grisham,0
17:50,13°17'50''N,"Filippo De Dominicis, Jacopo Galli",2
17:51,17 DIVISION 51 Infantry Brigade Headquarters,Wo95/2005,2
17:52,17 DIVISION 52 Infantry Brigade Headquarters,WO95/2010,2
17:53,"Ode on the New-Year, 1753",William Smith,2
17:54,The Horus Heresy nº 17/54 Los muertos exiliados,"Graham McNeill, Juan Pascual Martínez Fernández",2
17:55,The 17:55 to Paris,Graham Greene,0
17:56,In dubiis benigniora (D. 50. 17. 56),Adolf Berger,2
17:57,Five-Fifty-Seven,Corey T. Zurbuch,2
17:58,"Jonathan Edwards, 1703-1758",Ola Elizabeth Winslow,2
17:59,Seventeen Fifty-Nine: The Last Minute,Hilary Mantel,0
18:00,Six o'clock tales,Enid Blyton,3
18:01,The Thing in Room 601,M. D. Spenser,2
18:02,6:02,Mark A. Clements,2
18:03,Flight 603,Michael Grant,2
18:04,Ubuntu 18.04 LTS,Marcus Fischer,2
18:05,Room 605,Arthur Hailey,2
18:06,Suite 606,Nora Roberts,2
18:07,"Life at Fonthill 1807-1822, with Interludes in Paris and London","William Beckford, Boyd Alexander",2
18:08,Light + Design DG-18-08,Illuminating Engineering Society of North America,2
18:09,"Edgar Allan Poe, Eighteen Hundred Nine to Eighteen Forty-Nine",Kendra E. Morgan,2
18:10,Six Ten to London,Margery Allingham,2
18:11,Eighteen Hundred and Eleven,Anna Laetitia Barbauld,3
18:12,1812: Napoleon’s Fatal March on Moscow,Adam Zamoyski,3
18:13,1813: Leipzig – Napoleon and the Battle of the Nations,Peter Hofschröer,2
18:14,Train 614 to Penn Station,James McCommons,2
18:15,Quarter Past Six: A Mystery,P.D. James,0
18:16,"Diary, 1816, relating to Byron, Shelley, etc","John William Polidori, William Michael Rossetti",2
18:17,617 Squadron: The Dambusters,John Sweetman,2
18:18,Mila 18,Leon Uris,3
18:19,Flight 619,Stephen Lockyer,2
18:20,The 6:20 Man,David Baldacci,3
18:21,Flight 1821,Michael Crichton,0
18:22,Princess & 18-22 Series Owners Workshop Manual,J. H. Haynes,2
18:23,Eighteen Twenty-Three: A Novel,Julian Barnes,0
18:24,British Malaya Eighteen Twenty-Four to Eighteen Sixty-Seven,Lennox A. Mills,2
18:25,Zwischen 18 und 25,Friedrich Engels,2
18:26,Eighteen Hundred Twenty-Six Journals of John James Audubon,"John James Audubon, Alice Ford",2
18:27,18:27 to Paris,Paula Hawkins,0
18:28,"Programme, 18-28 juillet","International Geographical Congress (15th 1938 Amsterdam, Netherlands)",2
18:29,Songs and Poems of the Class of Eighteen Hundred and Twenty-Nine,Oliver Wendell Holmes,2
18:30,"Explanation, or, Eighteen hundred and thirty",J. C. R. Palmer,2
18:31,Actiones VIII-XVII. 18-31,Eduard Schwartz,2
18:32,"Physics, Chapters 18-32","John D. Cutnell, Kenneth W. Johnson",2
18:33,Six Thirty-Three,Penguin Books Staff,2
18:34,"I Wrote This in Eighteen Hours, Twenty-Two Minutes and Thirty-Four Seconds",Curtis Winkelmann,2
18:35,Best Contemporary Monologues for Men 18-35,Lawrence Harbison,2
18:36,Eighteen Thirty-Six,David McCullough,0
18:37,The Dangerous Classes of New York and Twenty Years' Work Among Them Volume 18-37,Charles Loring Brace,2
18:38,"Eighteen Country Ladies, Thirty-Eight Country Hits",Columbia Pictures,2
18:39,18 Avec 39 Ans D'expérience,Cadeau Anniversaire 57 ans édition,2
18:40,6 : 40 to Montreal,Eva Jurczyk,2
18:41,"18 East 41st Street (aka 18-20 East 41st Street), Manhattan",New York (N.Y.). Landmarks Preservation Commission,2
18:42,6 Ore e 42 Minuti,"Claude Bouchard, Federica Pagnani",2
18:43,Eighteen Forty-Three: The Year That Changed Everything,Charles Dickens,0
18:44,18-44,Etienne Leroux,2
18:45,6.45pm,Robyn Bolam,2
18:46,Eighteen Forty-Six,Louis P. Masur,2
18:47,Cartago Earthquake 6h. 47m. 35s. May 4th 1910,"León Fernández Guardia, Amando Céspedes Marín",2
18:48,Eighteen Forty Eight,L.B. Namier,2
18:49,Six Forty-Nine PM: A Hercule Poirot Mystery,Agatha Christie,0
18:50,Eighteen Fifty: The Year of Decision,Bernard DeVoto,3
18:51,Six Fifty-One: A Mystery,Agatha Christie,0
18:52,"West Along the Wagon Road, Eighteen Fifty-Two",Laurie Lawlor,2
18:53,Eighteen Fifty-Three: A Memoir,David McCullough,0
18:54,18:54,Haruki Murakami,0
18:55,Eighteen Fifty-Five,Ivan Turgenev,2
18:56,Six Fifty-Six,Stephen King,0
18:57,Eighteen fifty-seven,Surendra Nath Sen,2
18:58,6:58 P.M.,"Edwin H., II Modlin",2
18:59,Eighteen Hundred Fifty-Nine,Philip Appleman,2
19:00,"1900, or, The Last President",Ingersoll Lockwood,3
19:01,Nineteen Minutes Past Seven,Agatha Christie,0
19:02,Expediente 19/02,Fran J. Marber,2
19:03,"Ploshcha, 19.03--25.03.2006",Si︠a︡rheĭ Dubavets,2
19:04,The theory of business enterprise 1904,Thorstein Veblen,3
19:05,The 7:05 and the church alive,Edwin D. McLane,2
19:06,Murder at 7:06,Dorothy L. Sayers,0
19:07,"a+u 19 : 07, 586",A+U Publishing,2
19:08,Nineteen Eight Minutes,Stephen King,0
19:09,"Collected poems, 1909-1962",T. S. Eliot,3
19:10,1910: The Emancipation of Dissonance,Thomas Harrison,2
19:11,"Stilwell and the American Experience in China, 1911–1945",Barbara Tuchman,3
19:12,"I Survived the Sinking of the Titanic, 1912",Lauren Tarshis,2
19:13,"Dublin, Nineteen Thirteen",Gary Granville,2
19:14,1914: The Days of Hope,Philip Gibbs,2
19:15,Seven Fifteen,Katherine Howell,2
19:16,Nineteen Sixteen: The Easter Rising,Tim Pat Coogan,2
19:17,Seventeen Minutes Past Seven,Agatha Christie,0
19:18,1918: War and Peace in Europe,David Stevenson,2
19:19,7:19,"Jorge Michel Grau, Mayra Espinosa Castro",2
19:20,A star atlas and telescopic handbook (epoch 1920),"Arthur P. Norton, J. Gall Inglis, Ian Ridpath, C. R. Kitchin, Gilbert E. Satterthwaite, Patrick Moore, R. M. G. Inglis",2
19:21,High-Rise Invasion Vol. 19-21,"Tsuina Miura, Takahiro Oba",2
19:22,"The Vicksburg Assaults, May 19-22, 1863",Steven E. Woodworth,2
19:23,Nineteen Twenty-Three: The Year That Changed Everything,Bill Bryson,0
19:24,Nineteen hundred and twenty-four [catalog],"Bill's Glad Farms, Inc",2
19:25,1925: The Year That Made the Decade Roar,Eric Burns,2
19:26,Matthew 19 : 26 Bible Verse with God All Things Are Possible Prayer Journal,Dionne Hill,2
19:27,Luke 9 : 51 - 19 : 27,Stephen Richards,2
19:28,1928: The Year the World Changed,Paul Johnson,0
19:29,1929: The Year of the Great Crash,William K. Klingaman,2
19:30,Ora 19.30,Valentin Silvestru,2
19:31,§§ 19-31,"Uwe Murmann, Bernd Schünemann, Torsten Verrel, et al.",2
19:32,Los muertos vivientes nº 19/32,"Robert Kirkman, Charlie Adlard, Ignacio Bentz",2
19:33,Nineteen Thirty-Three,J. S. Roberts,2
19:34,1934,Alberto Moravia,2
19:35,Carnets. mai 1935 — fevrier 1942,Albert Camus,2
19:36,Strategeme 2. Strategeme 19 - 36,Harro von Senger,2
19:37,Nineteen Thirty-Seven: A Novel,John Dos Passos,0
19:38,Surrealismo (Euro 19.38),Fiona Bradley,2
19:39,Nineteen Thirty-Nine,Sidney Aster,2
19:40,Exodus 19-40,William Henry Propp,2
19:41,"Executive Intelligence Review; Volume 41, Number 19",Lyndon LaRouche,2
19:42,7 : 42 P.M.,Chris Mars,2
19:43,Nineteen Forty-Three: The Year That Changed Everything,Richard Overy,2
19:44,1944,Jay Winik,3
19:45,19:45: The Last Train Home,Ken Follett,0
19:46,"Correspondance, 1946-1959","Albert Camus, René Char, Victoria Ocampo, Ana Nuño, Franck Planeille",2
19:47,Flight 1947,James Ellroy,0
19:48,Montana 1948,Larry Watson,3
19:49,1949: The Year of Revolution,Elizabeth Wilson,2
19:50,Train 19:50 to Paris,Jean-Pierre Martin,0
19:51,Carnets II. janvier 1942-mars 1951,Albert Camus,2
19:52,7.52 to London Bridge,"Julian Kirkman-Page, Alexandra Page",2
19:53,Nineteen Fifty-Three,David Peace,0
19:54,Nineteen Fifty-Four: A Novel,Alan Hollinghurst,0
19:55,Nineteen Fifty Five,Alice Walker,3
19:56,7.56 Report,John Clarke,2
19:57,Nineteen Fifty-Seven,Jim McLean,2
19:58,Edgar: the 7:58,Phil Stong,2
19:59,"7 Horas, 59 Minutos",F. C. de la Riva,2
20:00,Eight O'Clock Tales,Enid Blyton,3
20:01,20:01,Henrik Ibsen,0
20:02,20.02 mi némesis,Mercedes Reza,2
20:03,20:03: The Train to Nowhere,Agatha Christie,0
20:04,Ubuntu 20.04,Josef Moser,2
20:05,20:05: Appointment in Paris,Ernest Hemingway,0
20:06,Room 806,Stephen King,0
20:07,Flight 807,Arthur Hailey,2
20:08,20:08: A Space Odyssey,Arthur C. Clarke,0
20:09,20:09,Margaret Atwood,0
20:10,2010: Odyssey Two,Arthur C. Clarke,3
20:11,2011: The Year We Made Contact,Peter Hyams,2
20:12,2012: The Year the World Ends,Lori Handeland,2
20:13,813,Maurice Leblanc,2
20:14,2014: The Year After,Paul Cornell,2
20:15,Europe After 8:15,H. L. Mencken,3
20:16,816,Harriet Lane,2
20:17,2017: A Novel,Olga Slavnikova,2
20:18,818: A Novel,Michael J. Vaughn,1
20:19,2019: The Year That Changed Everything,Catherine Ryan Hyde,2
20:20,2020: Our Time Is Now,Stacey Abrams,3
20:21,20:21 Vision,Bill Emmott,2
20:22,Twenty-Two Minutes Past Eight,Agatha Christie,0
20:23,20 For '23,Dustin Lewit,2
20:24,20x24/LIGHT,20x24/LIGHT (Exhibition),2
20:25,20:25,Jonathan Kellerman,0
20:26,20:26 to Paddington,Michael Bond,0
20:27,2027,Frank Weniger,2
20:28,2028,David Robbins,2
20:29,2029,D. M. S. Books,2
20:30,2030,Albert Brooks,3
20:31,2031,Dan Ronco,2
20:32,Twenty Thirty-Two: A Novel,David Mitchell,0
20:33,Metro 2033,Дмитрий Глуховский,3
20:34,Metro 2034,Дмитрий Глуховский,3
20:35,Metro 2035,Дмитрий Глуховский,3
20:36,Twenty Thirty-Six,Margaret Atwood,0
20:37,2037,John Green,2
20:38,8.38,Luis Rodríguez,2
20:39,2039,Martin Shapiro,2
20:40,"20 Hrs. 40 Min., Our Flight In The Friendship",Amelia Earhart,3
20:41,2041: Twelve Short Stories About the Future,Jane Yolen,2
20:42,Tutor Hitman Reborn nº 20/42,"Akira Amano, Daruma Serveis Lingüistics S.L.",2
20:43,8:43 PM: A Mystery,Ruth Rendell,0
20:44,2044: The Year After,Fred Schumacher,2
20:45,2045: A Novel,Clay Mercer,2
20:46,Eight Forty Six,Rosae M. Reeder,2
20:47,20:47 to Paris,Michael Connelly,0
20:48,2048: Humanity's Agreement to Live Together,John Kirk Boyd,2
20:49,Blade Runner 2049,"Timothy Shanahan, Paul Smart",3
20:50,2050: The Fight for Our Future,Bernard Marr,2
20:51,2051: The Year the World Changed,Félix Hernández de Rojas,2
20:52,Berlin-Friedrichstrasse 20.52 Uhr,Rainer Hildebrandt,2
20:53,Murder at 20:53,Agatha Christie,0
20:54,2054,"Elliot Ackerman, James Stavridis",2
20:55,2055,Teri Terry,2
20:56,20:56 Express to Paris,Graham Greene,0
20:57,2057,E. Sawyer,2
20:58,20:58: A Space Odyssey,Arthur C. Clarke,0
20:59,2059,Micah Shippee,2
21:00,Nine O'Clock at Night,Agatha Christie,0
21:01,2101: A Space Odyssey,Arthur C. Clarke,2
21:02,Flight 2102,James Patterson,0
21:03,Incident at 2103 Hours,Michael Connelly,0
21:04,Ubuntu 21.04 Server,Richard Petersen,2
21:05,2105 AD,David Petry,2
21:06,The 21:06 Express,Agatha Christie,0
21:07,Murder at 21:07,P. D. James,0
21:08,2108,K. L. Glanville,2
21:09,2109: The Final Hour,Stephen King,0
21:10,2110,Keith McDougall,2
21:11,2111,"Agnieszka Baczkowska Masluszczak, Ella Bakov",2
21:12,2112,Darin Graves,2
21:13,Zero Hour 2113,D Kershaw,2
21:14,Evakogospitalʹ No. 2114,L. M. Folionova,2
21:15,Nine-fifteen from Victoria,Victor Bayley,2
21:16,Twenty-One Sixteen,Margaret Atwood,0
21:17,Nine Seventeen,Prabhavathi Meppayil,2
21:18,Sea Gypsy (2118),Margaret Mayo,2
21:19,2119,Jay Valentine,2
21:20,Twenty-One Twenty,George Wylesol,2
21:21,2121: A Time Odyssey,Susan Greenfield,2
21:22,Nine Twenty-Two,Agatha Christie,0
21:23,The 21:23 Appointment,Ian McEwan,0
21:24,21:24 to Paris,Paul Theroux,0
21:25,2125: The Final Hour,Karl Morgan,2
21:26,Nightfall at 21:26,Margaret Atwood,0
21:27,Exploration 2127,Raymund Eich,2
21:28,Type Right! 2128 HD,Gertrude S. Altholz,2
21:29,Doctor Copernicus (2129),John Banville,2
21:30,2130: A Space-Time Odyssey,Arthur C. Clarke,0
21:31,21:31,Giuseppe L Bonifati,2
21:32,Invasion 2132,Raymund Eich,2
21:33,"A report of twenty-one hundred and thirty-three cases of pulmonary tuberculosis treated in the Asheville climate from 1898 to January, 1907",James A. Burroughs,2
21:34,Check Number 2134,Edward Sylvester Ellis,2
21:35,Z 2135,"David Wright, Sean Platt",2
21:36,9 : 36pm,Alexis Denson,2
21:37,Murder at 21:37,Agatha Christie,0
21:38,Corso Trieste 21. 38,Donatella Mazzola,2
21:39,Mental Health Weekly 21 39,Mhw,2
21:40,Twenty-One Forty,Lewis MacLeod,2
21:41,9:41,John Nicholas Iannuzzi,2
21:42,2142,Vincent Saker,2
21:43,Toriko nº 21/43,"Mitsutoshi Shimabukuro, Daruma Serveis Lingüistics S.L.",2
21:44,44 Hours & 21 Minutes,Rashawn Renee,2
21:45,2145,"Peter Seidel, Brian Czech",2
21:46,2146 Steine,Jochen Gerz,2
21:47,Twenty-One Forty-Seven,Lewis MacLeod,2
21:48,2148,Gary Pisarski,2
21:49,2149,Anthony Nanfito,2
21:50,Obesessive Love-21.50,Susan Forward,2
21:51,"Symphony no. 21, op. 51",N. Mi︠a︡skovskiĭ,2
21:52,Jeremiah and Lamentations (Chapters 21-52),Robert Davidson,2
21:53,Once@9:53am,Ilan Stavans,2
21:54,9:54: The Night Watch,Agatha Christie,0
21:55,2155: A Space Odyssey,Arthur C. Clarke,0
21:56,Nine Fifty-Six,Ray Bradbury,0
21:57,9.57,Nevena šegota,2
21:58,21:58,George Orwell,0
21:59,2159 AD,Craig Borlase,2
22:00,22:00: Destination Unknown,Agatha Christie,0
22:01,2201 Fascinating Facts,David Louis,2
22:02,22:02 to Paddington,Michael Bond,0
22:03,Lieutenant Mandella 2020/2203,Joe Haldeman,2
22:04,Ubuntu 22.04 LTS Desktop,Richard Petersen,2
22:05,The Maine Wilderness Act of 1990--S. 2205,"United States. Congress. Senate. Committee on Agriculture, Nutrition, and Forestry. Subcommittee on Conservation and Forestry",2
22:06,Ten Twenty-Six (22:06),Stephen King,0
22:07,Room 2207,Patricia Highsmith,0
22:08,"A+u 22 : 08, 623 : Feature",A+U Publishing,2
22:09,Nine Minutes Past Ten (22:09),Ian Fleming,0
22:10,Ten Minutes Past Ten,Agatha Christie,0
22:11,22/11/63,Stephen King,3
22:12,Rayla 2212,Ytasha Womack,2
22:13,Thirteen Minutes to Midnight,Leo Hunt,2
22:14,2214 vini d'Italia,Riccardo Di Corato,2
22:15,2215,Karol Barbosa,2
22:16,2216: A Space Odyssey,Arthur C. Clarke,0
22:17,2217,Talessian El-Wikosian,2
22:18,2218,Pierre Laffont,2
22:19,Komanda 22/19,Andrei Volos,2
22:20,10-20-30 Minutes to Sew,Nancy Luedtke Zieman,2
22:21,Twenty-Two Minutes Past Ten,Agatha Christie,0
22:22,2222,P. L. Salvador,2
22:23,Murder at 22:23,Dorothy L. Sayers,0
22:24,22:24,N.P. James,2
22:25,Buch 22-25,"Wolfgang Seyfarth, Ammianus Marcellinus",2
22:26,"Symphonies, Nos. 22-26",Wolfgang Amadeus Mozart,2
22:27,Shenzhen zai bei wei 22°27ʹ-22°52ʹ,Yiguang Deng,2
22:28,"Q 22:28,30","Paul Hoffmann, Stefan H. Brandenburger, Ulrike Brauner, Thomas Hieke",2
22:29,"Berlin 1945, 22 avril-29 avril",Armand Toupet,2
22:30,2230-cha,In-guk Kim,2
22:31,2231,Kenneth Tam,2
22:32,Welding 12-22-32,Alberta. Dept. of Education,2
22:33,22:33: A Late Night Mystery,Agatha Christie,0
22:34,22:34: The Clock Strikes Again,Stephen King,0
22:35,Juvenile Instructor; 35 No. 22,George Q. Cannon,2
22:36,2236,Milton McGriff,2
22:37,10:37,Jacqueline Druga,2
22:38,10 Minutes 38 Seconds in This Strange World,Elif Şafak,3
22:39,Gurs 10.39,Patrick Amand,2
22:40,Lettere (22-40),Peter Damian Saint,2
22:41,LES ORDRES MONASTIQUES QSJ 2241,Dubois Jacques,2
22:42,Tutor Hitman Reborn nº 22/42,"Akira Amano, Daruma Serveis Lingüistics S.L.",2
22:43,'22-'43,Alberto Favoino,2
22:44,2244 Alien Apocalypse,"Martin Müller, Annika Schüttler, Rainer Ernst",2
22:45,22:45 to Paddington,Agatha Christie,0
22:46,Rise up & Pray Luke 22:46,Blue Rock Sermon Journals,2
22:47,10:47 on Baker Street,Arthur Conan Doyle,0
22:48,2248,John Pascal,2
22:49,"Summa Theologiae, Vol. 22 (Ia2ae. 49-54), Dispositions for Human Acts [Blackfriars Edition]",Thomas Aquinas,2
22:50,Star Man's Son 2250 A.D.,Andre Norton,3
22:51,Ten Fifty-One,Georgia Lawrence,2
22:52,22:52: A Novel of the Night,Haruki Murakami,0
22:53,"Field Guide to Popular Center Consoles, 22'-53'",Ed McKnew,2
22:54,"Symphony, no. 22, op. 54",N. Mí̀askovskiĭ,2
22:55,ECOS DE UMA VIAGEM - Em Honra de Eduardo Mayone Dias -(EURO 22.55),Francisco Cota Fagundes,2
22:56,"10:56:20 P. M., EDT, 7/20/69",CBS News,2
22:57,Ten Fifty-Seven,M. K. Lazar,2
22:58,22:58: The Final Hour,Stephen King,0
22:59,Manna - Bread from Heaven : Jn 6 : 22-59 in the Light of Ps 78,Pawel Rytel-Andrianik,2
23:00,23:00: A Novel,Jeffrey Archer,2
23:01,Eleven Oh One,Agatha Christie,0
23:02,2302: The Final Hour,Isaac Asimov,0
23:03,Murder at 23:03,P. D. James,0
23:04,23:04,Jean Echenoz,1
23:05,23:05: The Night Train,Graham Greene,0
23:06,2306: A Space Odyssey,Arthur C. Clarke,0
23:07,The 23:07 Appointment,John le Carré,0
23:08,23:08,David Peace,1
23:09,Twenty-Three Oh Nine,Stephen King,0
23:10,Sniper Training : FM 23-10,U.S. Army,2
23:11,"A+u 23 : 11, 638 : Feature",A+U Publishing,2
23:12,Midnight Approaches: 23:12,Agatha Christie,0
23:13,Someone somewhere at 23:13,Ruskin Bond,2
23:14,2314,Philip Akkerman,2
23:15,"FM 23-15 Browning Automatic Rifle, Caliber . 30, M1918A2",United States War Department,2
23:16,2316,"Chetqua Harris, Timothy Harris",2
23:17,2317 Code Name,"Jack Beall, Alec Donath, Michael Isserles",2
23:18,Ordinance no. 2318,San Diego (Calif.). Council,2
23:19,"Congressional Serial Set, Issue 2319",United States. Government Printing Offic,2
23:20,The 23:20 to Paris,David Baldacci,0
23:21,Lt. Reilly 2321,Matthew O Duncan,2
23:22,2322 Photographic Doubles,"S. Aravamudan, Nizamiah Observatory, Osmania University",2
23:23,2323 Stratford Ave,Marcelo Rioseco,2
23:24,Twenty-Three Twenty-Four,Agatha Christie,0
23:25,F-15C Eagle vs MiG-23/25,"Douglas C. Dildy, Tom Cooper, Jim Laurier",2
23:26,eleven twenty six,louis wirth,2
23:27,MiG-23/27 Flogger,"E. Gordon, Yefim Gordon",2
23:28,"Publications, Issues 23-28",Philippines. Bureau of Government Labora,2
23:29,"Operation Bagration, 23 June-29 August 1944",Richard Harrison,2
23:30,Eleven-thirty till twelve,Richard Greene,2
23:31,"Compte rendu, 23-31 juillet 1937. --","Congres International de l'Enseignement Primaire et de l'Education Populaire (1937 : Paris, France)",2
23:32,23:32: The Final Hour,Stephen King,0
23:33,"5 Octobre, 23h33",Donald Harstad,2
23:34,L.I.D.U. 23-34,Eric Vial,2
23:35,Section 2335 Revised Statutes,United States. Congress. House. Committee on Mines and Mining.,2
23:36,23:36: A Detective Story,Agatha Christie,0
23:37,Magi El laberinto de la magia nº 23/37,"Shinobu Ohtaka, Daruma Serveis Lingüistics S.L.",2
23:38,ACC 2338,Paul D. Kimmel,2
23:39,Midnight Approaches: 23:39,Gillian Flynn,0
23:40,§§ 23-40,"Volker Röhricht, Alexander Schall",2
23:41,2341,Bilal Philips,2
23:42,Twenty-Three Forty-Two: A Novel,Ian McEwan,0
23:43,Toriko nº 23/43,"Mitsutoshi Shimabukuro, Daruma Serveis Lingüistics S.L.",2
23:44,Guillelmi Petri de Godino Lectura Thomasina. Distinctiones 23-44 Libri Secundi,A. Colli,2
23:45,11:45 PM,James Patterson,0
23:46,Prehistoric Cannibalism at Mancos 5MTUMR-2346,Tim D. White,2
23:47,"2347, Morto Che Parla!",Xenia Kenakis,2
23:48,2348 I,United Nations,2
23:49,PKS 2349-014,John N. Bahcall,2
23:50,Genesis 23-50,William Wesley Grasham,2
23:51,"2351, the Women's Business Equity Act of 1989","United States. Congress. House. Committee on Small Business. Subcommittee on Procurement, Tourism, and Rural Development",2
23:52,Twenty-Three Fifty-Two: A Novel,Ian McEwan,0
23:53,23:53,Luisa Futoransky,2
23:54,2354: The Clock Strikes Near Midnight,Agatha Christie,0
23:55,Eleven Fifty-Five,Lisa Scottoline,0
23:56,23:56: The Penultimate Minute,Kazuo Ishiguro,0
23:57,"23:57, poreia stēn anchonē",Petros Stylianou,2
23:58,2358 (Cryogenics),Garibaldi Sabio,2
23:59,23:59,Brian Khrisna,2
