time,start,end,title,author,image,image_black,image_red,image_preview
00:00,00:00:00,00:01:59,Midnight's Children,Salman Rushdie,0000.png,0000_b.bmp,0000_r.bmp,0000_preview.bmp
00:04,00:02:00,00:05:29,Four Past Midnight,Stephen King,0004.png,0004_b.bmp,0004_r.bmp,0004_preview.bmp
00:07,00:05:30,00:08:59,Seven Minutes in Heaven,Sara Shepard,0007.png,0007_b.bmp,0007_r.bmp,0007_preview.bmp
00:11,00:09:00,00:12:59,11 Minutes,Paulo Coelho,0011.png,0011_b.bmp,0011_r.bmp,0011_preview.bmp
00:15,00:13:00,00:16:59,Writing Your Dissertation in Fifteen Minutes a Day,Joan Bolker,0015.png,0015_b.bmp,0015_r.bmp,0015_preview.bmp
00:19,00:17:00,00:20:59,Nineteen Minutes,Jodi Picoult,0019.png,0019_b.bmp,0019_r.bmp,0019_preview.bmp
00:23,00:21:00,00:24:59,23 Minutes in Hell,Bill Wiese,0023.png,0023_b.bmp,0023_r.bmp,0023_preview.bmp
00:27,00:25:00,00:28:29,Twenty-Seven Minutes,Ashley Tate,0027.png,0027_b.bmp,0027_r.bmp,0027_preview.bmp
00:30,00:28:30,00:31:59,Half Past Midnight,Jeff Brackett,0030.png,0030_b.bmp,0030_r.bmp,0030_preview.bmp
00:34,00:32:00,00:36:29,Rule 34,Charles Stross,0034.png,0034_b.bmp,0034_r.bmp,0034_preview.bmp
00:39,00:36:30,00:40:29,39 Steps,John Buchan,0039.png,0039_b.bmp,0039_r.bmp,0039_preview.bmp
00:42,00:40:30,00:43:59,"Elephants Can Remember (Hercule Poirot, #42)",Agatha Christie,0042.png,0042_b.bmp,0042_r.bmp,0042_preview.bmp
00:46,00:44:00,00:48:29,Alcatraz '46,Don Denevi,0046.png,0046_b.bmp,0046_r.bmp,0046_preview.bmp
00:51,00:48:30,00:51:29,Area 51: An Uncensored History of America's Top Secret Military Base,Annie Jacobsen,0051.png,0051_b.bmp,0051_r.bmp,0051_preview.bmp
00:52,00:51:30,00:53:59,52 Pickup,Elmore Leonard,0052.png,0052_b.bmp,0052_r.bmp,0052_preview.bmp
00:56,00:54:00,00:57:29,56 Days,Catherine Ryan Howard,0056.png,0056_b.bmp,0056_r.bmp,0056_preview.bmp
00:59,00:57:30,00:59:29,"59 Seconds: Think a Little, Change a Lot",Richard Wiseman,0059.png,0059_b.bmp,0059_r.bmp,0059_preview.bmp
01:00,00:59:30,01:01:29,One O'Clock Jump,Lise McClendon,0100.png,0100_b.bmp,0100_r.bmp,0100_preview.bmp
01:03,01:01:30,01:04:29,"The One (The Selection, #3)",Kiera Cass,0103.png,0103_b.bmp,0103_r.bmp,0103_preview.bmp
01:06,01:04:30,01:08:29,Slow Lightning Volume 106,Eduardo C. Corral,0106.png,0106_b.bmp,0106_r.bmp,0106_preview.bmp
01:11,01:08:30,01:12:29,"La damnation de Faust, H 111",Hector Berlioz,0111.png,0111_b.bmp,0111_r.bmp,0111_preview.bmp
01:14,01:12:30,01:15:29,The Wheel Of Time (Vol 1 of 14),Robert Jordan / Brandon Sanderson,0114.png,0114_b.bmp,0114_r.bmp,0114_preview.bmp
01:17,01:15:30,01:18:29,The 117-Storey Treehouse,"Andy Griffiths, Terry Denton",0117.png,0117_b.bmp,0117_r.bmp,0117_preview.bmp
01:20,01:18:30,01:21:29,The 120 Days of Sodom,Marquis de Sade,0120.png,0120_b.bmp,0120_r.bmp,0120_preview.bmp
01:23,01:21:30,01:24:59,Chernobyl 01:23:40,Andrew Leatherbarrow,0123.png,0123_b.bmp,0123_r.bmp,0123_preview.bmp
01:27,01:25:00,01:28:29,127 Hours,Rob Smith,0127.png,0127_b.bmp,0127_r.bmp,0127_preview.bmp
01:30,01:28:30,01:31:59,At one-thirty,Isabel Ostrander,0130.png,0130_b.bmp,0130_r.bmp,0130_preview.bmp
01:34,01:32:00,01:35:29,Dragon Ball nº 01/34,Akira Toriyama,0134.png,0134_b.bmp,0134_r.bmp,0134_preview.bmp
01:37,01:35:30,01:38:29,Gantz (1 of 37),Hiroya Oku,0137.png,0137_b.bmp,0137_r.bmp,0137_preview.bmp
01:40,01:38:30,01:42:29,Cantata-140,Philip K. Dick,0140.png,0140_b.bmp,0140_r.bmp,0140_preview.bmp
01:45,01:42:30,01:46:29,145th Street,Walter Dean Myers,0145.png,0145_b.bmp,0145_r.bmp,0145_preview.bmp
01:48,01:46:30,01:49:29,The Sacred Books of the East Volume 48,Max Müller,0148.png,0148_b.bmp,0148_r.bmp,0148_preview.bmp
01:51,01:49:30,01:52:59,151 Quick Ideas to Manage Your Time,Robert E. Dittmer,0151.png,0151_b.bmp,0151_r.bmp,0151_preview.bmp
01:55,01:53:00,01:56:29,Model 155 Helium-Neon Laser User Guide,Spectra Physics,0155.png,0155_b.bmp,0155_r.bmp,0155_preview.bmp
01:58,01:56:30,01:58:59,1. 58 Seconds,Alfred Sparman,0158.png,0158_b.bmp,0158_r.bmp,0158_preview.bmp
02:00,01:59:00,02:00:59,A Tale of Two Cities,Charles Dickens,0200.png,0200_b.bmp,0200_r.bmp,0200_preview.bmp
02:02,02:01:00,02:04:29,2BR02B,Kurt Vonnegut,0202.png,0202_b.bmp,0202_r.bmp,0202_preview.bmp
02:07,02:04:30,02:08:59,Flight 207,Gordon Parker,0207.png,0207_b.bmp,0207_r.bmp,0207_preview.bmp
02:11,02:09:00,02:12:59,211 Things You Should Have Told Your Kids by Now,J. Thomas Mocchi,0211.png,0211_b.bmp,0211_r.bmp,0211_preview.bmp
02:15,02:13:00,02:15:59,Two-fifteen,S. Phillip Miles,0215.png,0215_b.bmp,0215_r.bmp,0215_preview.bmp
02:17,02:16:00,02:18:59,The Cambridge History of China 2 of 17,Cambridge Press,0217.png,0217_b.bmp,0217_r.bmp,0217_preview.bmp
02:21,02:19:00,02:22:29,221B Baker Street,Arthur Conan Doyle,0221.png,0221_b.bmp,0221_r.bmp,0221_preview.bmp
02:24,02:22:30,02:25:29,JoJo’s Bizarre Adventure: Steel Ball Run Vol 2/24,Hirohiko Araki,0224.png,0224_b.bmp,0224_r.bmp,0224_preview.bmp
02:27,02:25:30,02:28:29,Blood Circle (The Executioner #227),Don Pendleton,0227.png,0227_b.bmp,0227_r.bmp,0227_preview.bmp
02:30,02:28:30,02:31:59,Two Thirty: A Memoir,Marc Hill,0230.png,0230_b.bmp,0230_r.bmp,0230_preview.bmp
02:34,02:32:00,02:35:29,Dragon Ball nº 02/34,Akira Toriyama,0234.png,0234_b.bmp,0234_r.bmp,0234_preview.bmp
02:37,02:35:30,02:38:59,Vagabond #2/37,Takehiko Inoue,0237.png,0237_b.bmp,0237_r.bmp,0237_preview.bmp
02:41,02:39:00,02:43:29,Homicides 241,Alban Désiré AFENE,0241.png,0241_b.bmp,0241_r.bmp,0241_preview.bmp
02:46,02:43:30,02:47:29,Forty Six and Two,J. J. Johnson,0246.png,0246_b.bmp,0246_r.bmp,0246_preview.bmp
02:49,02:47:30,02:50:59,Survival 49.2,Dana Allin,0249.png,0249_b.bmp,0249_r.bmp,0249_preview.bmp
02:53,02:51:00,02:54:59,Room 253,Sophie Hannah,0253.png,0253_b.bmp,0253_r.bmp,0253_preview.bmp
02:57,02:55:00,02:58:29,Lab 257,Michael C. Carroll,0257.png,0257_b.bmp,0257_r.bmp,0257_preview.bmp
03:00,02:58:30,03:00:59,The Three-Body Problem,Cixin Liu,0300.png,0300_b.bmp,0300_r.bmp,0300_preview.bmp
03:02,03:01:00,03:03:29,Courtroom 302,Steve Bogira,0302.png,0302_b.bmp,0302_r.bmp,0302_preview.bmp
03:05,03:03:30,03:07:29,305 authentic Art Nouveau jewelry designs,Maurice Dufrène,0305.png,0305_b.bmp,0305_r.bmp,0305_preview.bmp
03:10,03:07:30,03:10:29,Three-Ten to Yuma and Other Stories,Elmore Leonard,0310.png,0310_b.bmp,0310_r.bmp,0310_preview.bmp
03:11,03:10:30,03:12:59,311 Pelican Court,Debbie Macomber,0311.png,0311_b.bmp,0311_r.bmp,0311_preview.bmp
03:15,03:13:00,03:17:59,The 3:15 experiment,"Bernadette Mayer, Lee Ann Brown, Jen Hofer, Danika Dinsmore",0315.png,0315_b.bmp,0315_r.bmp,0315_preview.bmp
03:21,03:18:00,03:22:59,The History of the 321st Infantry,Clarence Walton Johnson,0321.png,0321_b.bmp,0321_r.bmp,0321_preview.bmp
03:25,03:23:00,03:26:59,Emils hyss nr 325,Astrid Lindgren,0325.png,0325_b.bmp,0325_r.bmp,0325_preview.bmp
03:29,03:27:00,03:30:59,The 329th Friend,Marjorie Weinman Sharmat,0329.png,0329_b.bmp,0329_r.bmp,0329_preview.bmp
03:33,03:31:00,03:34:59,333+ Sudoku Puzzles,Million Puzzles,0333.png,0333_b.bmp,0333_r.bmp,0333_preview.bmp
03:37,03:35:00,03:38:59,Slocum 337,Jake Logan,0337.png,0337_b.bmp,0337_r.bmp,0337_preview.bmp
03:41,03:39:00,03:43:29,Case File 341,J. D. Robb,0341.png,0341_b.bmp,0341_r.bmp,0341_preview.bmp
03:46,03:43:30,03:47:29,Barrier 346,Karl Zeigfreid,0346.png,0346_b.bmp,0346_r.bmp,0346_preview.bmp
03:49,03:47:30,03:50:29,Bulletin de l'Institut océanographique. Volume 349,Bulletin de l'Institut océanographique,0349.png,0349_b.bmp,0349_r.bmp,0349_preview.bmp
03:52,03:50:30,03:53:59,352nd Fighter Group,Tom Ivie,0352.png,0352_b.bmp,0352_r.bmp,0352_preview.bmp
03:56,03:54:00,03:57:29,Porsche 356,Laurence Meredith,0356.png,0356_b.bmp,0356_r.bmp,0356_preview.bmp
03:59,03:57:30,03:59:29,3:59,Gretchen McNeil,0359.png,0359_b.bmp,0359_r.bmp,0359_preview.bmp
04:00,03:59:30,04:01:29,Fourth Wing,Rebecca Yarros,0400.png,0400_b.bmp,0400_r.bmp,0400_preview.bmp
04:03,04:01:30,04:04:29,Room 403,Carolyn Keene,0403.png,0403_b.bmp,0403_r.bmp,0403_preview.bmp
04:06,04:04:30,04:07:59,"The History of the Decline and Fall of the Roman Empire, Book 4 of 6",Edward Gibbon,0406.png,0406_b.bmp,0406_r.bmp,0406_preview.bmp
04:10,04:08:00,04:10:59,410: The Other Side Of Oz,Kasey Esser,0410.png,0410_b.bmp,0410_r.bmp,0410_preview.bmp
04:12,04:11:00,04:13:29,The History of Middle Earth Volume 4 of 12,J.R.R. Tolkien,0412.png,0412_b.bmp,0412_r.bmp,0412_preview.bmp
04:15,04:13:30,04:17:29,The Four-fifteen Express,Amelia B. Edwards,0415.png,0415_b.bmp,0415_r.bmp,0415_preview.bmp
04:20,04:17:30,04:21:29,"Liber 420: Cannabis, Magickal Herbs and the Occult",Chris Bennett,0420.png,0420_b.bmp,0420_r.bmp,0420_preview.bmp
04:23,04:21:30,04:24:29,423 colores,Juan Gallardo,0423.png,0423_b.bmp,0423_r.bmp,0423_preview.bmp
04:26,04:24:30,04:27:29,"Guernica, 26.4",Klaus Autbert Maier,0426.png,0426_b.bmp,0426_r.bmp,0426_preview.bmp
04:29,04:27:30,04:30:59,"Les 4 as, tome 29","Chaulet Georges, François Craenhals",0429.png,0429_b.bmp,0429_r.bmp,0429_preview.bmp
04:33,04:31:00,04:34:59,"4'33""",John Cage,0433.png,0433_b.bmp,0433_r.bmp,0433_preview.bmp
04:37,04:35:00,04:38:59,Thrilling Wonder Stories - 04/37,"Eando Binder, Arthur Leo Zagat, Neil R. Jones, Ray Cummings, Paul Ernst, Simpson Stokes, Arch Carr, Edmond Hamilton, John P. Gunnison",0437.png,0437_b.bmp,0437_r.bmp,0437_preview.bmp
04:41,04:39:00,04:42:29,441 días..,Niceto Alcalá-Zamora y Torres,0441.png,0441_b.bmp,0441_r.bmp,0441_preview.bmp
04:44,04:42:30,04:45:59,444 Days,Tim Wells,0444.png,0444_b.bmp,0444_r.bmp,0444_preview.bmp
04:48,04:46:00,04:48:59,4.48 Psychosis,Sarah Kane,0448.png,0448_b.bmp,0448_r.bmp,0448_preview.bmp
04:50,04:49:00,04:50:29,4:50 from Paddington,Agatha Christie,0450.png,0450_b.bmp,0450_r.bmp,0450_preview.bmp
04:51,04:50:30,04:52:29,Fahrenheit 451,Ray Bradbury,0451.png,0451_b.bmp,0451_r.bmp,0451_preview.bmp
04:54,04:52:30,04:55:59,GAO-04-54 Aviation Safety,United States Government Accountability Office,0454.png,0454_b.bmp,0454_r.bmp,0454_preview.bmp
04:58,04:56:00,04:58:59,"Annual Report Volume 58, no.4",New York State Museum,0458.png,0458_b.bmp,0458_r.bmp,0458_preview.bmp
05:00,04:59:00,05:02:29,Five o'clock tea,William Dean Howells,0500.png,0500_b.bmp,0500_r.bmp,0500_preview.bmp
05:05,05:02:30,05:07:29,505 Quilt Blocks,Better Homes and Gardens,0505.png,0505_b.bmp,0505_r.bmp,0505_preview.bmp
05:10,05:07:30,05:10:59,510 SUDOKU Puzzles For Adults,Brh Puzzle Books,0510.png,0510_b.bmp,0510_r.bmp,0510_preview.bmp
05:12,05:11:00,05:13:29,Five Twelve,Christopher T. Rand,0512.png,0512_b.bmp,0512_r.bmp,0512_preview.bmp
05:15,05:13:30,05:17:29,Trusty Five-Fifteen,G. Frank Lydston,0515.png,0515_b.bmp,0515_r.bmp,0515_preview.bmp
05:20,05:17:30,05:21:59,520 Quick & Easy Patchwork Designs,Kei Kobayashi,0520.png,0520_b.bmp,0520_r.bmp,0520_preview.bmp
05:24,05:22:00,05:25:59,524 Main Street,Alan Abel,0524.png,0524_b.bmp,0524_r.bmp,0524_preview.bmp
05:28,05:26:00,05:30:29,MCAT 528,Deeangelee Pooran-Kublall,0528.png,0528_b.bmp,0528_r.bmp,0528_preview.bmp
05:33,05:30:30,05:34:29,533,Cees Nooteboom,0533.png,0533_b.bmp,0533_r.bmp,0533_preview.bmp
05:36,05:34:30,05:37:29,Mark Five Thirty-Six,Kathleen Driver,0536.png,0536_b.bmp,0536_r.bmp,0536_preview.bmp
05:39,05:37:30,05:40:29,Startling Stories - 05/39,"Edmond Hamilton, Stanley G. Weinbaum, Alexander Samalman, John P. Gunnison, Howard V. Brown",0539.png,0539_b.bmp,0539_r.bmp,0539_preview.bmp
05:42,05:40:30,05:43:29,Five Forty Two South Magnolia,Marcelle Harwell,0542.png,0542_b.bmp,0542_r.bmp,0542_preview.bmp
05:45,05:43:30,05:47:29,5:45 to Suburbia,"M. E. Kerr, Kevin Stillwell",0545.png,0545_b.bmp,0545_r.bmp,0545_preview.bmp
05:50,05:47:30,05:51:29,Fifty-Fifty,Steve Cavanagh,0550.png,0550_b.bmp,0550_r.bmp,0550_preview.bmp
05:53,05:51:30,05:54:29,"Perry Rhodan 553, Die Gladiatoren von Terra",Hans Kneifel,0553.png,0553_b.bmp,0553_r.bmp,0553_preview.bmp
05:56,05:54:30,05:57:59,Colt commando 5.56,Marcos Tarre,0556.png,0556_b.bmp,0556_r.bmp,0556_preview.bmp
06:00,05:58:00,06:01:59,Six O'Clock Tales,Enid Blyton,0600.png,0600_b.bmp,0600_r.bmp,0600_preview.bmp
06:04,06:02:00,06:04:59,Six Four,Hideo Yokoyama,0604.png,0604_b.bmp,0604_r.bmp,0604_preview.bmp
06:06,06:05:00,06:08:29,Suite 606,Nora Roberts,0606.png,0606_b.bmp,0606_r.bmp,0606_preview.bmp
06:11,06:08:30,06:12:59,Six Eleven,Joshua Watson,0611.png,0611_b.bmp,0611_r.bmp,0611_preview.bmp
06:15,06:13:00,06:15:59,615 series Operation Manual,ABB,0615.png,0615_b.bmp,0615_r.bmp,0615_preview.bmp
06:17,06:16:00,06:18:29,617 Squadron,"Chris Ward, Andy Lee, Andreas Wachtel",0617.png,0617_b.bmp,0617_r.bmp,0617_preview.bmp
06:20,06:18:30,06:20:59,The 6:20 Man,David Baldacci,0620.png,0620_b.bmp,0620_r.bmp,0620_preview.bmp
06:22,06:21:00,06:24:29,Inside MS-DOS 6.22,Mark Minasi,0622.png,0622_b.bmp,0622_r.bmp,0622_preview.bmp
06:27,06:24:30,06:27:29,The Reader on the 6.27,Jean-Paul Didierlaurent,0627.png,0627_b.bmp,0627_r.bmp,0627_preview.bmp
06:28,06:27:30,06:30:29,GAO-06-28 Performance Budgeting,United States Government Accountability Office,0628.png,0628_b.bmp,0628_r.bmp,0628_preview.bmp
06:33,06:30:30,06:34:29,Phantom Detective - 06/33,G. Wayman Jones,0633.png,0633_b.bmp,0633_r.bmp,0633_preview.bmp
06:36,06:34:30,06:37:29,Polaroid 636 Manual,Polaroid,0636.png,0636_b.bmp,0636_r.bmp,0636_preview.bmp
06:39,06:37:30,06:40:29,639 essential endgame positions,Eric Schiller,0639.png,0639_b.bmp,0639_r.bmp,0639_preview.bmp
06:42,06:40:30,06:44:29,6 Ore e 42 Minuti,"Claude Bouchard, Federica Pagnani",0642.png,0642_b.bmp,0642_r.bmp,0642_preview.bmp
06:47,06:44:30,06:49:29,Cartago Earthquake 6h. 47m,"León Fernández Guardia, Amando Céspedes Marín",0647.png,0647_b.bmp,0647_r.bmp,0647_preview.bmp
06:52,06:49:30,06:54:29,Train 652,Angela Yvette Thurman,0652.png,0652_b.bmp,0652_r.bmp,0652_preview.bmp
06:57,06:54:30,06:58:29,Rolling with the 657 Crew,"Cass Pennant, Rob Silvester, Rob Sylvester",0657.png,0657_b.bmp,0657_r.bmp,0657_preview.bmp
07:00,06:58:30,07:02:29,The Seven Husbands of Evelyn Hugo,Taylor Jenkins Reid,0700.png,0700_b.bmp,0700_r.bmp,0700_preview.bmp
07:05,07:02:30,07:05:59,The 7:05 and the Church Alive,Edwin D. McLane,0705.png,0705_b.bmp,0705_r.bmp,0705_preview.bmp
07:07,07:06:00,07:08:59,707: The Jet Age,Graham M. Simons,0707.png,0707_b.bmp,0707_r.bmp,0707_preview.bmp
07:11,07:09:00,07:13:29,7-Eleven: The Store That Changed America,Jeff Lenard,0711.png,0711_b.bmp,0711_r.bmp,0711_preview.bmp
07:16,07:13:30,07:16:59,The Seven Sixteen: Love & Consequences,A. A. Lewis,0716.png,0716_b.bmp,0716_r.bmp,0716_preview.bmp
07:18,07:17:00,07:19:59,Monster Nr7/18,Naoki Urasawa,0718.png,0718_b.bmp,0718_r.bmp,0718_preview.bmp
07:22,07:20:00,07:24:29,722 miles,Clifton Hood,0722.png,0722_b.bmp,0722_r.bmp,0722_preview.bmp
07:27,07:24:30,07:27:59,Boeing 727 scrapbook,Len Morgan,0727.png,0727_b.bmp,0727_r.bmp,0727_preview.bmp
07:29,07:28:00,07:30:59,729 Curious Creatures,Helen Oxenbury,0729.png,0729_b.bmp,0729_r.bmp,0729_preview.bmp
07:33,07:31:00,07:33:59,7:33 a.m.,Monda Raquel Webb,0733.png,0733_b.bmp,0733_r.bmp,0733_preview.bmp
07:35,07:34:00,07:36:59,Action Comics #735,David Michelinie,0735.png,0735_b.bmp,0735_r.bmp,0735_preview.bmp
07:39,07:37:00,07:39:29,739 Grove St.,Jeanne Bricker,0739.png,0739_b.bmp,0739_r.bmp,0739_preview.bmp
07:40,07:39:30,07:42:29,DS-740D User Manual,Brother,0740.png,0740_b.bmp,0740_r.bmp,0740_preview.bmp
07:45,07:42:30,07:47:59,Confessions on the 7 : 45,Lisa Unger,0745.png,0745_b.bmp,0745_r.bmp,0745_preview.bmp
07:51,07:48:00,07:52:59,The Novel Cure: 751 Books to Cure What Ails You,Ella Berthoud,0751.png,0751_b.bmp,0751_r.bmp,0751_preview.bmp
07:55,07:53:00,07:56:59,ThinkPad 755C User Guide,IBM,0755.png,0755_b.bmp,0755_r.bmp,0755_preview.bmp
07:59,07:57:00,07:59:59,"7 Horas, 59 Minutos",F. C. de la Riva,0759.png,0759_b.bmp,0759_r.bmp,0759_preview.bmp
08:01,08:00:00,08:02:59,801 things you should know,David Olsen,0801.png,0801_b.bmp,0801_r.bmp,0801_preview.bmp
08:05,08:03:00,08:06:59,"Buffy the Vampire Slayer: Season 8, Vol. 5",Jane Espenson,0805.png,0805_b.bmp,0805_r.bmp,0805_preview.bmp
08:09,08:07:00,08:10:59,809 Jacob Street,Marty Young,0809.png,0809_b.bmp,0809_r.bmp,0809_preview.bmp
08:13,08:11:00,08:15:29,813,Maurice Leblanc,0813.png,0813_b.bmp,0813_r.bmp,0813_preview.bmp
08:18,08:15:30,08:18:59,818,"Barry Reese, Jamie Addy, Kell Carpenter, LaToya M. Davidson, Dusty Gres",0818.png,0818_b.bmp,0818_r.bmp,0818_preview.bmp
08:20,08:19:00,08:21:59,Complete Works of Aristotle,Aristotle (ed. Jonathan Barnes),0820.png,0820_b.bmp,0820_r.bmp,0820_preview.bmp
08:24,08:22:00,08:25:59,824 Biscayne,Mu'ayad Abbas,0824.png,0824_b.bmp,0824_r.bmp,0824_preview.bmp
08:28,08:26:00,08:28:59,Slam Dunk Nr08/28,Takehiko Inoue,0828.png,0828_b.bmp,0828_r.bmp,0828_preview.bmp
08:30,08:29:00,08:32:59,Tonight at 8:30,Noël Coward,0830.png,0830_b.bmp,0830_r.bmp,0830_preview.bmp
08:36,08:33:00,08:37:59,8 Hours 36 Minutes,Rachel Ruth,0836.png,0836_b.bmp,0836_r.bmp,0836_preview.bmp
08:40,08:38:00,08:42:29,Rin-ne nº 08/40,Rumiko Takahashi,0840.png,0840_b.bmp,0840_r.bmp,0840_preview.bmp
08:45,08:42:30,08:45:59,Forty-five minutes past eight,Ward Morehouse,0845.png,0845_b.bmp,0845_r.bmp,0845_preview.bmp
08:47,08:46:00,08:47:29,Le train de 8 h. 47,Georges Courteline,0847.png,0847_b.bmp,0847_r.bmp,0847_preview.bmp
08:48,08:47:30,08:50:29,848. The collection of Georges Matcheret and Nadia Wolkonsky,E. V. Lopatkina,0848.png,0848_b.bmp,0848_r.bmp,0848_preview.bmp
08:53,08:50:30,08:54:59,853 Days,United States Congress House Committee on Foreign Affairs Subcommittee on the Middle East and South Asia,0853.png,0853_b.bmp,0853_r.bmp,0853_preview.bmp
08:57,08:55:00,08:58:29,8 Lieder and Songs - for Solo Piano Op. 57,Johannes Brahms,0857.png,0857_b.bmp,0857_r.bmp,0857_preview.bmp
09:00,08:58:30,09:00:59,November Nine,Colleen Hoover,0900.png,0900_b.bmp,0900_r.bmp,0900_preview.bmp
09:02,09:01:00,09:02:59,9:02: The Oklahoma City Bombing,Michael J. Hightower,0902.png,0902_b.bmp,0902_r.bmp,0902_preview.bmp
09:04,09:03:00,09:06:29,Ubuntu 9.04,Richard Petersen,0904.png,0904_b.bmp,0904_r.bmp,0904_preview.bmp
09:09,09:06:30,09:09:59,TR-909 User Manual,Roland Inc,0909.png,0909_b.bmp,0909_r.bmp,0909_preview.bmp
09:11,09:10:00,09:13:29,09/11,Catherine Morley,0911.png,0911_b.bmp,0911_r.bmp,0911_preview.bmp
09:16,09:13:30,09:17:59,Nine Hundred & Sixteen Kids with Ink,916 Ink,0916.png,0916_b.bmp,0916_r.bmp,0916_preview.bmp
09:20,09:18:00,09:20:59,"Nine Minutes, Twenty Seconds",Gary M. Pomerantz,0920.png,0920_b.bmp,0920_r.bmp,0920_preview.bmp
09:22,09:21:00,09:24:29,9/22,Jalil Bahar,0922.png,0922_b.bmp,0922_r.bmp,0922_preview.bmp
09:27,09:24:30,09:27:29,K9 Book 27,Dale Mayer,0927.png,0927_b.bmp,0927_r.bmp,0927_preview.bmp
09:28,09:27:30,09:28:59,928 Miles from Home,Kim Slater,0928.png,0928_b.bmp,0928_r.bmp,0928_preview.bmp
09:30,09:29:00,09:32:29,Sunday At 09-30 Hours.,Arthur J Hichens,0930.png,0930_b.bmp,0930_r.bmp,0930_preview.bmp
09:35,09:32:30,09:37:29,935 Lies,Charles Lewis,0935.png,0935_b.bmp,0935_r.bmp,0935_preview.bmp
09:40,09:37:30,09:41:59,Startling Stories - 09/40,"Oscar J. Friend, Jack Binder, Benson Herbert, Ray Cummings, Gerald Bowman, John P. Gunnison, Earle K. Bergey",0940.png,0940_b.bmp,0940_r.bmp,0940_preview.bmp
09:44,09:42:00,09:45:29,Porsche 944,Larry Warren,0944.png,0944_b.bmp,0944_r.bmp,0944_preview.bmp
09:47,09:45:30,09:48:29,The budget of the United States Government. Volume 947,U.S. Gov,0947.png,0947_b.bmp,0947_r.bmp,0947_preview.bmp
09:50,09:48:30,09:51:29,"A history of Sparta, 950 B.C.",William George Grieve Forrest,0950.png,0950_b.bmp,0950_r.bmp,0950_preview.bmp
09:53,09:51:30,09:53:59,Once@9:53am,Ilan Stavans,0953.png,0953_b.bmp,0953_r.bmp,0953_preview.bmp
09:55,09:54:00,09:57:29,"The Battle of Lechfeld and its Aftermath, August 955",Charles R. Bowlus,0955.png,0955_b.bmp,0955_r.bmp,0955_preview.bmp
10:00,09:57:30,10:02:29,The Woman in Cabin 10,Ruth Ware,1000.png,1000_b.bmp,1000_r.bmp,1000_preview.bmp
10:05,10:02:30,10:07:29,1005,Bill Freeman,1005.png,1005_b.bmp,1005_r.bmp,1005_preview.bmp
10:10,10:07:30,10:10:29,10/10 en Maths,Guy Blandino,1010.png,1010_b.bmp,1010_r.bmp,1010_preview.bmp
10:11,10:10:30,10:13:29,Development of the L-1011 four-dimensional flight management system,H. P. Lee,1011.png,1011_b.bmp,1011_r.bmp,1011_preview.bmp
10:16,10:13:30,10:16:29,Sixteen after ten,Emily Firetog,1016.png,1016_b.bmp,1016_r.bmp,1016_preview.bmp
10:17,10:16:30,10:19:29,Ten to Seventeen,Josephine Dodge Daskam Bacon,1017.png,1017_b.bmp,1017_r.bmp,1017_preview.bmp
10:22,10:19:30,10:24:29,1022 Evergreen Place,"Debbie Macomber, Sandra Burr",1022.png,1022_b.bmp,1022_r.bmp,1022_preview.bmp
10:27,10:24:30,10:28:29,1027,Eloísa Oliva,1027.png,1027_b.bmp,1027_r.bmp,1027_preview.bmp
10:30,10:28:30,10:31:29,Ten-Thirty on a Summer Night,Marguerite Duras,1030.png,1030_b.bmp,1030_r.bmp,1030_preview.bmp
10:33,10:31:30,10:34:29,A Study of History Volumes 10-33,Arnold J. Toynbee,1033.png,1033_b.bmp,1033_r.bmp,1033_preview.bmp
10:36,10:34:30,10:36:59,Secret Agent X - 10/36,"Brant House, William E. Luberoff",1036.png,1036_b.bmp,1036_r.bmp,1036_preview.bmp
10:38,10:37:00,10:40:29,10 Minutes 38 Seconds in This Strange World,Elif Şafak,1038.png,1038_b.bmp,1038_r.bmp,1038_preview.bmp
10:43,10:40:30,10:45:29,Andromaque 10-43,Lionel Chiuch,1043.png,1043_b.bmp,1043_r.bmp,1043_preview.bmp
10:48,10:45:30,10:49:29,Glitch 1048,Robert V. Mikkelson,1048.png,1048_b.bmp,1048_r.bmp,1048_preview.bmp
10:51,10:49:30,10:52:29,Ten Fifty-One,Georgia Lawrence,1051.png,1051_b.bmp,1051_r.bmp,1051_preview.bmp
10:54,10:52:30,10:55:29,Código Civil - Artigo 1054.º,Ministério da Justiça,1054.png,1054_b.bmp,1054_r.bmp,1054_preview.bmp
10:57,10:55:30,10:58:29,Ten Fifty-Seven,M. K. Lazar,1057.png,1057_b.bmp,1057_r.bmp,1057_preview.bmp
11:00,10:58:30,11:02:29,Station Eleven,Emily St. John Mandel,1100.png,1100_b.bmp,1100_r.bmp,1100_preview.bmp
11:05,11:02:30,11:06:29,1105 Yakima Street,"Debbie Macomber, Sandra Burr",1105.png,1105_b.bmp,1105_r.bmp,1105_preview.bmp
11:08,11:06:30,11:09:29,Model 1108 User's Manual,Sensaphone,1108.png,1108_b.bmp,1108_r.bmp,1108_preview.bmp
11:11,11:09:30,11:12:59,11:11,Marie D. Jones,1111.png,1111_b.bmp,1111_r.bmp,1111_preview.bmp
11:15,11:13:00,11:16:29,One-Punch Man Volume 11-15,One,1115.png,1115_b.bmp,1115_r.bmp,1115_preview.bmp
11:18,11:16:30,11:19:59,"Novel 11, Book 18","Dag Solstad, Sverre Lyngstad",1118.png,1118_b.bmp,1118_r.bmp,1118_preview.bmp
11:22,11:20:00,11:23:29,11/22/63,Stephen King,1122.png,1122_b.bmp,1122_r.bmp,1122_preview.bmp
11:25,11:23:30,11:26:29,Vinland Saga 11/25,Makoto Yukimura,1125.png,1125_b.bmp,1125_r.bmp,1125_preview.bmp
11:28,11:26:30,11:28:59,1128,Elliott Taylor,1128.png,1128_b.bmp,1128_r.bmp,1128_preview.bmp
11:30,11:29:00,11:31:29,Around 11 : 30,Yasmin Neal,1130.png,1130_b.bmp,1130_r.bmp,1130_preview.bmp
11:33,11:31:30,11:35:29,Master Numbers 11 33,Felicia Bender,1133.png,1133_b.bmp,1133_r.bmp,1133_preview.bmp
11:38,11:35:30,11:40:29,THX 1138,George Lucas,1138.png,1138_b.bmp,1138_r.bmp,1138_preview.bmp
11:43,11:40:30,11:44:29,LZR-1143,Bryan James,1143.png,1143_b.bmp,1143_r.bmp,1143_preview.bmp
11:46,11:44:30,11:48:29,"Dynasty of Chernigov, 1146",Martin Dimnik,1146.png,1146_b.bmp,1146_r.bmp,1146_preview.bmp
11:51,11:48:30,11:53:29,"Thesis 11, Number 51",Sage Journals Staff,1151.png,1151_b.bmp,1151_r.bmp,1151_preview.bmp
11:56,11:53:30,11:57:59,Cohete Fallido 11-56,Diana Barrales Hernández,1156.png,1156_b.bmp,1156_r.bmp,1156_preview.bmp
12:00,11:58:00,12:01:59,High Noon,Nora Roberts,1200.png,1200_b.bmp,1200_r.bmp,1200_preview.bmp
12:04,12:02:00,12:06:29,"The rise of Islam and the Bengal frontier, 1204",Richard Maxwell Eaton,1204.png,1204_b.bmp,1204_r.bmp,1204_preview.bmp
12:09,12:06:30,12:09:29,"Béziers, 1209",Jean d'Aillon,1209.png,1209_b.bmp,1209_r.bmp,1209_preview.bmp
12:10,12:09:30,12:12:29,Ten Past Noon: Focus and Fate at Forty,Tucker Lieberman,1210.png,1210_b.bmp,1210_r.bmp,1210_preview.bmp
12:15,12:12:30,12:17:29,1215: The Year of Magna Carta,John Gillingham,1215.png,1215_b.bmp,1215_r.bmp,1215_preview.bmp
12:20,12:17:30,12:22:29,1220 Days,Edmond Joseph Babler,1220.png,1220_b.bmp,1220_r.bmp,1220_preview.bmp
12:25,12:22:30,12:26:59,1225 Christmas Tree Lane,Debbie Macomber,1225.png,1225_b.bmp,1225_r.bmp,1225_preview.bmp
12:29,12:27:00,12:30:29,12 Going on 29,Silvana Clark,1229.png,1229_b.bmp,1229_r.bmp,1229_preview.bmp
12:32,12:30:30,12:33:29,Encyclopaedia Britannica Volume 12 of 32,Encyclopaedia Britannica Inc.,1232.png,1232_b.bmp,1232_r.bmp,1232_preview.bmp
12:35,12:33:30,12:36:59,Spicy Mystery Stories – 12/35,"Ellery Watson Calder, John P. Gunnison",1235.png,1235_b.bmp,1235_r.bmp,1235_preview.bmp
12:39,12:37:00,12:39:59,MacDowell 12 Etudes Op.39,Edward MacDowell,1239.png,1239_b.bmp,1239_r.bmp,1239_preview.bmp
12:41,12:40:00,12:42:59,Berserk Volume 12/41,Kentaro Miura,1241.png,1241_b.bmp,1241_r.bmp,1241_preview.bmp
12:45,12:43:00,12:47:29,Knackersons Arrive At 12 : 45,Grace Gilliam,1245.png,1245_b.bmp,1245_r.bmp,1245_preview.bmp
12:50,12:47:30,12:52:29,"The Oxford Book of English Verse, 1250-1900",Arthur Quiller-Couch,1250.png,1250_b.bmp,1250_r.bmp,1250_preview.bmp
12:55,12:52:30,12:56:59,Ihre Maschine startet 12 Uhr 55,Walter Schreiber,1255.png,1255_b.bmp,1255_r.bmp,1255_preview.bmp
12:59,12:57:00,12:59:29,12/59 Shuttle from Yesterday to Today,William Holland,1259.png,1259_b.bmp,1259_r.bmp,1259_preview.bmp
13:00,12:59:30,13:01:59,One O'Clock Jump,Lise McClendon,1300.png,1300_b.bmp,1300_r.bmp,1300_preview.bmp
13:04,13:02:00,13:04:59,1304 Cherry Lane,Kimberly Hathaway,1304.png,1304_b.bmp,1304_r.bmp,1304_preview.bmp
13:06,13:05:00,13:07:59,Slow Lightning Volume 106,Eduardo C. Corral,1306.png,1306_b.bmp,1306_r.bmp,1306_preview.bmp
13:10,13:08:00,13:10:29,Math 1310,Juhler,1310.png,1310_b.bmp,1310_r.bmp,1310_preview.bmp
13:11,13:10:30,13:12:29,"La damnation de Faust, H 111",Hector Berlioz,1311.png,1311_b.bmp,1311_r.bmp,1311_preview.bmp
13:14,13:12:30,13:15:29,The Wheel Of Time (Vol 1 of 14),Robert Jordan / Brandon Sanderson,1314.png,1314_b.bmp,1314_r.bmp,1314_preview.bmp
13:17,13:15:30,13:17:59,The 117-Storey Treehouse,"Andy Griffiths, Terry Denton",1317.png,1317_b.bmp,1317_r.bmp,1317_preview.bmp
13:19,13:18:00,13:20:59,"Diario, 1319",Giovanni di Lemmo Armaleoni da Comugnori,1319.png,1319_b.bmp,1319_r.bmp,1319_preview.bmp
13:23,13:21:00,13:24:59,Chernobyl 01:23:40,Andrew Leatherbarrow,1323.png,1323_b.bmp,1323_r.bmp,1323_preview.bmp
13:27,13:25:00,13:27:59,127 Hours,Rob Smith,1327.png,1327_b.bmp,1327_r.bmp,1327_preview.bmp
13:29,13:28:00,13:31:29,"David II, 1329-71",Michael A. Penman,1329.png,1329_b.bmp,1329_r.bmp,1329_preview.bmp
13:34,13:31:30,13:35:29,Dragon Ball nº 01/34,Akira Toriyama,1334.png,1334_b.bmp,1334_r.bmp,1334_preview.bmp
13:37,13:35:30,13:38:29,Gantz (1 of 37),Hiroya Oku,1337.png,1337_b.bmp,1337_r.bmp,1337_preview.bmp
13:40,13:38:30,13:42:29,Cantata-140,Philip K. Dick,1340.png,1340_b.bmp,1340_r.bmp,1340_preview.bmp
13:45,13:42:30,13:45:29,145th Street,Walter Dean Myers,1345.png,1345_b.bmp,1345_r.bmp,1345_preview.bmp
13:46,13:45:30,13:48:29,1346,"Ole J. Benedictow, Ole Jørgen Benedictow",1346.png,1346_b.bmp,1346_r.bmp,1346_preview.bmp
13:51,13:48:30,13:51:59,151 Quick Ideas to Manage Your Time,Robert E. Dittmer,1351.png,1351_b.bmp,1351_r.bmp,1351_preview.bmp
13:53,13:52:00,13:55:29,Coburg 1353,"Reinhardt Butz, Gert Melville",1353.png,1353_b.bmp,1353_r.bmp,1353_preview.bmp
13:58,13:55:30,13:58:59,1. 58 Seconds,Alfred Sparman,1358.png,1358_b.bmp,1358_r.bmp,1358_preview.bmp
14:00,13:59:00,14:01:59,A Tale of Two Cities,Charles Dickens,1400.png,1400_b.bmp,1400_r.bmp,1400_preview.bmp
14:04,14:02:00,14:05:59,Ubuntu 14.04 LTS Desktop,Richard Leland Petersen,1404.png,1404_b.bmp,1404_r.bmp,1404_preview.bmp
14:08,14:06:00,14:09:29,1408,Stephen King,1408.png,1408_b.bmp,1408_r.bmp,1408_preview.bmp
14:11,14:09:30,14:12:59,211 Things You Should Have Told Your Kids by Now,J. Thomas Mocchi,1411.png,1411_b.bmp,1411_r.bmp,1411_preview.bmp
14:15,14:13:00,14:16:29,Two-fifteen,S. Phillip Miles,1415.png,1415_b.bmp,1415_r.bmp,1415_preview.bmp
14:18,14:16:30,14:19:29,14-18: Understanding the Great War,"Stéphane Audoin-Rouzeau, Annette Becker",1418.png,1418_b.bmp,1418_r.bmp,1418_preview.bmp
14:21,14:19:30,14:23:29,221B Baker Street,Arthur Conan Doyle,1421.png,1421_b.bmp,1421_r.bmp,1421_preview.bmp
14:26,14:23:30,14:26:59,"Accounting, Chapters 14-26","Carl Warren, James M. Reeve, Jonathan Duchac",1426.png,1426_b.bmp,1426_r.bmp,1426_preview.bmp
14:28,14:27:00,14:28:59,Fourteen to Twenty-Eight,Sherry Pattison,1428.png,1428_b.bmp,1428_r.bmp,1428_preview.bmp
14:30,14:29:00,14:31:59,Two Thirty: A Memoir,Marc Hill,1430.png,1430_b.bmp,1430_r.bmp,1430_preview.bmp
14:34,14:32:00,14:36:29,Dragon Ball nº 02/34,Akira Toriyama,1434.png,1434_b.bmp,1434_r.bmp,1434_preview.bmp
14:39,14:36:30,14:39:59,Lido for Time 14 : 39,Brad Lewis,1439.png,1439_b.bmp,1439_r.bmp,1439_preview.bmp
14:41,14:40:00,14:42:29,Homicides 241,Alban Désiré AFENE,1441.png,1441_b.bmp,1441_r.bmp,1441_preview.bmp
14:44,14:42:30,14:44:59,14.44,Bohdan Zadura,1444.png,1444_b.bmp,1444_r.bmp,1444_preview.bmp
14:46,14:45:00,14:46:59,Forty Six and Two,J. J. Johnson,1446.png,1446_b.bmp,1446_r.bmp,1446_preview.bmp
14:48,14:47:00,14:50:29,1448,Christopher Brown,1448.png,1448_b.bmp,1448_r.bmp,1448_preview.bmp
14:53,14:50:30,14:54:29,Room 253,Sophie Hannah,1453.png,1453_b.bmp,1453_r.bmp,1453_preview.bmp
14:56,14:54:30,14:57:59,Crusade Of 1456,James D. Mixson,1456.png,1456_b.bmp,1456_r.bmp,1456_preview.bmp
15:00,14:58:00,15:00:59,The Three-Body Problem,Cixin Liu,1500.png,1500_b.bmp,1500_r.bmp,1500_preview.bmp
15:02,15:01:00,15:04:29,Courtroom 302,Steve Bogira,1502.png,1502_b.bmp,1502_r.bmp,1502_preview.bmp
15:07,15:04:30,15:08:29,Zerbster Prozessionsspiel 1507,Willm Reupke,1507.png,1507_b.bmp,1507_r.bmp,1507_preview.bmp
15:10,15:08:30,15:10:29,Three-Ten to Yuma and Other Stories,Elmore Leonard,1510.png,1510_b.bmp,1510_r.bmp,1510_preview.bmp
15:11,15:10:30,15:12:59,311 Pelican Court,Debbie Macomber,1511.png,1511_b.bmp,1511_r.bmp,1511_preview.bmp
15:15,15:13:00,15:15:29,The 3:15 experiment,"Bernadette Mayer, Lee Ann Brown, Jen Hofer, Danika Dinsmore",1515.png,1515_b.bmp,1515_r.bmp,1515_preview.bmp
15:16,15:15:30,15:17:29,Utopia (1516),Thomas More,1516.png,1516_b.bmp,1516_r.bmp,1516_preview.bmp
15:19,15:17:30,15:19:59,The First Voyage Around the World (1519-1522),"Antonio Pigafetta, Theodore J. Cachey",1519.png,1519_b.bmp,1519_r.bmp,1519_preview.bmp
15:21,15:20:00,15:21:29,The History of the 321st Infantry,Clarence Walton Johnson,1521.png,1521_b.bmp,1521_r.bmp,1521_preview.bmp
15:22,15:21:30,15:23:29,The First Voyage Around the World (1519-1522),"Antonio Pigafetta, Theodore J. Cachey",1522.png,1522_b.bmp,1522_r.bmp,1522_preview.bmp
15:25,15:23:30,15:26:59,Emils hyss nr 325,Astrid Lindgren,1525.png,1525_b.bmp,1525_r.bmp,1525_preview.bmp
15:29,15:27:00,15:29:29,The 329th Friend,Marjorie Weinman Sharmat,1529.png,1529_b.bmp,1529_r.bmp,1529_preview.bmp
15:30,15:29:30,15:31:29,Fifteen-thirty,Helen Wills,1530.png,1530_b.bmp,1530_r.bmp,1530_preview.bmp
15:33,15:31:30,15:34:29,333+ Sudoku Puzzles,Million Puzzles,1533.png,1533_b.bmp,1533_r.bmp,1533_preview.bmp
15:36,15:34:30,15:38:29,1536,Suzannah Lipscomb,1536.png,1536_b.bmp,1536_r.bmp,1536_preview.bmp
15:41,15:38:30,15:41:59,Case File 341,J. D. Robb,1541.png,1541_b.bmp,1541_r.bmp,1541_preview.bmp
15:43,15:42:00,15:43:59,Toriko nº 15/43,"Mitsutoshi Shimabukuro, Daruma Serveis Lingüistics S.L.",1543.png,1543_b.bmp,1543_r.bmp,1543_preview.bmp
15:45,15:44:00,15:47:29,The 15 and the 45,John Langdon-Davies,1545.png,1545_b.bmp,1545_r.bmp,1545_preview.bmp
15:50,15:47:30,15:50:59,Fifteen Fifty,Eneas Barros,1550.png,1550_b.bmp,1550_r.bmp,1550_preview.bmp
15:52,15:51:00,15:53:59,352nd Fighter Group,Tom Ivie,1552.png,1552_b.bmp,1552_r.bmp,1552_preview.bmp
15:56,15:54:00,15:57:29,Porsche 356,Laurence Meredith,1556.png,1556_b.bmp,1556_r.bmp,1556_preview.bmp
15:59,15:57:30,15:59:29,3:59,Gretchen McNeil,1559.png,1559_b.bmp,1559_r.bmp,1559_preview.bmp
16:00,15:59:30,16:00:59,Fourth Wing,Rebecca Yarros,1600.png,1600_b.bmp,1600_r.bmp,1600_preview.bmp
16:02,16:01:00,16:03:29,Marvel 1602,Neil Gaiman,1602.png,1602_b.bmp,1602_r.bmp,1602_preview.bmp
16:05,16:03:30,16:05:59,1605: The Gunpowder Plot,Antonia Fraser,1605.png,1605_b.bmp,1605_r.bmp,1605_preview.bmp
16:07,16:06:00,16:08:29,1607: A New Look at Jamestown,Karen Lange,1607.png,1607_b.bmp,1607_r.bmp,1607_preview.bmp
16:10,16:08:30,16:10:59,410: The Other Side Of Oz,Kasey Esser,1610.png,1610_b.bmp,1610_r.bmp,1610_preview.bmp
16:12,16:11:00,16:13:29,The History of Middle Earth Volume 4 of 12,J.R.R. Tolkien,1612.png,1612_b.bmp,1612_r.bmp,1612_preview.bmp
16:15,16:13:30,16:15:59,The Four-fifteen Express,Amelia B. Edwards,1615.png,1615_b.bmp,1615_r.bmp,1615_preview.bmp
16:17,16:16:00,16:18:29,417,Julian Mayfield,1617.png,1617_b.bmp,1617_r.bmp,1617_preview.bmp
16:20,16:18:30,16:21:59,"Liber 420: Cannabis, Magickal Herbs and the Occult",Chris Bennett,1620.png,1620_b.bmp,1620_r.bmp,1620_preview.bmp
16:24,16:22:00,16:24:59,16 theke 24,Pinākī Ghosha,1624.png,1624_b.bmp,1624_r.bmp,1624_preview.bmp
16:26,16:25:00,16:27:59,"Guernica, 26.4",Klaus Autbert Maier,1626.png,1626_b.bmp,1626_r.bmp,1626_preview.bmp
16:30,16:28:00,16:31:59,Victoria Four-Thirty,Cecil Roberts,1630.png,1630_b.bmp,1630_r.bmp,1630_preview.bmp
16:34,16:32:00,16:35:29,The Road to 1634,"Eric Flint, Virginia DeMarce",1634.png,1634_b.bmp,1634_r.bmp,1634_preview.bmp
16:37,16:35:30,16:38:29,Thrilling Wonder Stories - 04/37,"Eando Binder, Arthur Leo Zagat, Neil R. Jones, Ray Cummings, Paul Ernst, Simpson Stokes, Arch Carr, Edmond Hamilton, John P. Gunnison",1637.png,1637_b.bmp,1637_r.bmp,1637_preview.bmp
16:40,16:38:30,16:40:29,"The English Revolution, 1640",Christopher Hill,1640.png,1640_b.bmp,1640_r.bmp,1640_preview.bmp
16:41,16:40:30,16:42:59,441 días..,Niceto Alcalá-Zamora y Torres,1641.png,1641_b.bmp,1641_r.bmp,1641_preview.bmp
16:45,16:43:00,16:46:29,Manila 1645,Pedro Luengo,1645.png,1645_b.bmp,1645_r.bmp,1645_preview.bmp
16:48,16:46:30,16:48:59,4.48 Psychosis,Sarah Kane,1648.png,1648_b.bmp,1648_r.bmp,1648_preview.bmp
16:50,16:49:00,16:50:29,4:50 from Paddington,Agatha Christie,1650.png,1650_b.bmp,1650_r.bmp,1650_preview.bmp
16:51,16:50:30,16:52:29,Fahrenheit 451,Ray Bradbury,1651.png,1651_b.bmp,1651_r.bmp,1651_preview.bmp
16:54,16:52:30,16:55:59,"The Horus Heresy, Volume 4 of 54",James Swallow,1654.png,1654_b.bmp,1654_r.bmp,1654_preview.bmp
16:58,16:56:00,16:58:59,Diaries of Howard Leopold Morry June 16 '58,"Christopher J. A. Morry, Howard Leopold Morry",1658.png,1658_b.bmp,1658_r.bmp,1658_preview.bmp
17:00,16:59:00,17:00:59,Slaughterhouse-Five,Kurt Vonnegut Jr.,1700.png,1700_b.bmp,1700_r.bmp,1700_preview.bmp
17:02,17:01:00,17:03:29,Clipper 5.02,Gorki Starlin,1702.png,1702_b.bmp,1702_r.bmp,1702_preview.bmp
17:05,17:03:30,17:06:59,505 Quilt Blocks,Better Homes and Gardens,1705.png,1705_b.bmp,1705_r.bmp,1705_preview.bmp
17:09,17:07:00,17:10:29,The 509 Crime Stories,Colin Conway,1709.png,1709_b.bmp,1709_r.bmp,1709_preview.bmp
17:12,17:10:30,17:13:29,Five Twelve,Christopher T. Rand,1712.png,1712_b.bmp,1712_r.bmp,1712_preview.bmp
17:15,17:13:30,17:16:29,Trusty Five-Fifteen,G. Frank Lydston,1715.png,1715_b.bmp,1715_r.bmp,1715_preview.bmp
17:18,17:16:30,17:18:59,Seventeen Eighteen Past Lies Waiting,E. J. Lamprey,1718.png,1718_b.bmp,1718_r.bmp,1718_preview.bmp
17:20,17:19:00,17:21:59,520 Quick & Easy Patchwork Designs,Kei Kobayashi,1720.png,1720_b.bmp,1720_r.bmp,1720_preview.bmp
17:24,17:22:00,17:26:29,524 Main Street,Alan Abel,1724.png,1724_b.bmp,1724_r.bmp,1724_preview.bmp
17:29,17:26:30,17:30:29,Oxygen-17 and Silicon-29,"J.-P Kintzinger, H. Marsmann",1729.png,1729_b.bmp,1729_r.bmp,1729_preview.bmp
17:32,17:30:30,17:33:59,Beethoven Piano Sonatas 17-32,Ludwig van Beethoven,1732.png,1732_b.bmp,1732_r.bmp,1732_preview.bmp
17:36,17:34:00,17:36:29,Mark Five Thirty-Six,Kathleen Driver,1736.png,1736_b.bmp,1736_r.bmp,1736_preview.bmp
17:37,17:36:30,17:39:29,"Lucas, 17:37",Rafael Freda,1737.png,1737_b.bmp,1737_r.bmp,1737_preview.bmp
17:42,17:39:30,17:42:29,Five Forty Two South Magnolia,Marcelle Harwell,1742.png,1742_b.bmp,1742_r.bmp,1742_preview.bmp
17:43,17:42:30,17:43:59,"Catherine: The Great Journey, Russia, 1743",Kristiana Gregory,1743.png,1743_b.bmp,1743_r.bmp,1743_preview.bmp
17:45,17:44:00,17:47:29,5:45 to Suburbia,"M. E. Kerr, Kevin Stillwell",1745.png,1745_b.bmp,1745_r.bmp,1745_preview.bmp
17:50,17:47:30,17:52:29,Fifty-Fifty,Steve Cavanagh,1750.png,1750_b.bmp,1750_r.bmp,1750_preview.bmp
17:55,17:52:30,17:56:59,"The Last Day: Wrath, Ruin, and Reason in the Great Lisbon Earthquake of 1755",Nicholas Shrady,1755.png,1755_b.bmp,1755_r.bmp,1755_preview.bmp
17:59,17:57:00,17:59:29,Seventeen Fifty Nine,F.J. McLynn,1759.png,1759_b.bmp,1759_r.bmp,1759_preview.bmp
18:00,17:59:30,18:01:59,Six of Crows,Leigh Bardugo,1800.png,1800_b.bmp,1800_r.bmp,1800_preview.bmp
18:04,18:02:00,18:04:59,Six Four,Hideo Yokoyama,1804.png,1804_b.bmp,1804_r.bmp,1804_preview.bmp
18:06,18:05:00,18:08:29,Suite 606,Nora Roberts,1806.png,1806_b.bmp,1806_r.bmp,1806_preview.bmp
18:11,18:08:30,18:11:29,Six Eleven,Joshua Watson,1811.png,1811_b.bmp,1811_r.bmp,1811_preview.bmp
18:12,18:11:30,18:13:59,1812: Napoleon’s Fatal March on Moscow,Adam Zamoyski,1812.png,1812_b.bmp,1812_r.bmp,1812_preview.bmp
18:16,18:14:00,18:16:59,"Diary, 1816, relating to Byron, Shelley, etc","John William Polidori, William Michael Rossetti",1816.png,1816_b.bmp,1816_r.bmp,1816_preview.bmp
18:18,18:17:00,18:18:59,Mila 18,Leon Uris,1818.png,1818_b.bmp,1818_r.bmp,1818_preview.bmp
18:20,18:19:00,18:21:59,The 6:20 Man,David Baldacci,1820.png,1820_b.bmp,1820_r.bmp,1820_preview.bmp
18:24,18:22:00,18:24:59,British Malaya Eighteen Twenty-Four onward,Lennox A. Mills,1824.png,1824_b.bmp,1824_r.bmp,1824_preview.bmp
18:26,18:25:00,18:27:59,Eighteen Hundred Twenty-Six Journals of John James Audubon,"John James Audubon, Alice Ford",1826.png,1826_b.bmp,1826_r.bmp,1826_preview.bmp
18:30,18:28:00,18:32:29,"Explanation, or, Eighteen hundred and thirty",J. C. R. Palmer,1830.png,1830_b.bmp,1830_r.bmp,1830_preview.bmp
18:35,18:32:30,18:36:29,Best Contemporary Monologues for Men 18-35,Lawrence Harbison,1835.png,1835_b.bmp,1835_r.bmp,1835_preview.bmp
18:38,18:36:30,18:38:29,"Eighteen Country Ladies, Thirty-Eight Country Hits",Columbia Pictures,1838.png,1838_b.bmp,1838_r.bmp,1838_preview.bmp
18:39,18:38:30,18:40:29,639 essential endgame positions,Eric Schiller,1839.png,1839_b.bmp,1839_r.bmp,1839_preview.bmp
18:42,18:40:30,18:43:29,6 Ore e 42 Minuti,"Claude Bouchard, Federica Pagnani",1842.png,1842_b.bmp,1842_r.bmp,1842_preview.bmp
18:45,18:43:30,18:47:29,6.45pm,Robyn Bolam,1845.png,1845_b.bmp,1845_r.bmp,1845_preview.bmp
18:50,18:47:30,18:52:29,Eighteen Fifty: The Year of Decision,Bernard DeVoto,1850.png,1850_b.bmp,1850_r.bmp,1850_preview.bmp
18:55,18:52:30,18:55:59,Eighteen Fifty-Five,Ivan Turgenev,1855.png,1855_b.bmp,1855_r.bmp,1855_preview.bmp
18:57,18:56:00,18:58:29,Rolling with the 657 Crew,"Cass Pennant, Rob Silvester, Rob Sylvester",1857.png,1857_b.bmp,1857_r.bmp,1857_preview.bmp
19:00,18:58:30,19:01:59,"1900, or, The Last President",Ingersoll Lockwood,1900.png,1900_b.bmp,1900_r.bmp,1900_preview.bmp
19:04,19:02:00,19:05:29,The theory of business enterprise 1904,Thorstein Veblen,1904.png,1904_b.bmp,1904_r.bmp,1904_preview.bmp
19:07,19:05:30,19:07:59,707: The Jet Age,Graham M. Simons,1907.png,1907_b.bmp,1907_r.bmp,1907_preview.bmp
19:09,19:08:00,19:09:59,"Collected poems, 1909-1962",T. S. Eliot,1909.png,1909_b.bmp,1909_r.bmp,1909_preview.bmp
19:11,19:10:00,19:11:29,7-Eleven: The Store That Changed America,Jeff Lenard,1911.png,1911_b.bmp,1911_r.bmp,1911_preview.bmp
19:12,19:11:30,19:13:29,"I Survived the Sinking of the Titanic, 1912",Lauren Tarshis,1912.png,1912_b.bmp,1912_r.bmp,1912_preview.bmp
19:15,19:13:30,19:16:29,Seven Fifteen,Katherine Howell,1915.png,1915_b.bmp,1915_r.bmp,1915_preview.bmp
19:18,19:16:30,19:19:59,1918: War and Peace in Europe,David Stevenson,1918.png,1918_b.bmp,1918_r.bmp,1918_preview.bmp
19:22,19:20:00,19:23:29,"The Vicksburg Assaults, May 19-22",Steven E. Woodworth,1922.png,1922_b.bmp,1922_r.bmp,1922_preview.bmp
19:25,19:23:30,19:25:59,1925: The Year That Made the Decade Roar,Eric Burns,1925.png,1925_b.bmp,1925_r.bmp,1925_preview.bmp
19:27,19:26:00,19:27:59,Boeing 727: Triumph in the Skies,Dan Dornseif,1927.png,1927_b.bmp,1927_r.bmp,1927_preview.bmp
19:29,19:28:00,19:31:29,729 Curious Creatures,Helen Oxenbury,1929.png,1929_b.bmp,1929_r.bmp,1929_preview.bmp
19:34,19:31:30,19:36:29,1934,Alberto Moravia,1934.png,1934_b.bmp,1934_r.bmp,1934_preview.bmp
19:39,19:36:30,19:39:29,739 Grove St.,Jeanne Bricker,1939.png,1939_b.bmp,1939_r.bmp,1939_preview.bmp
19:40,19:39:30,19:41:59,Exodus 19-40,William Henry Propp,1940.png,1940_b.bmp,1940_r.bmp,1940_preview.bmp
19:44,19:42:00,19:45:59,1944,Jay Winik,1944.png,1944_b.bmp,1944_r.bmp,1944_preview.bmp
19:48,19:46:00,19:49:59,Montana 1948,Larry Watson,1948.png,1948_b.bmp,1948_r.bmp,1948_preview.bmp
19:52,19:50:00,19:53:29,7.52 to London Bridge,"Julian Kirkman-Page, Alexandra Page",1952.png,1952_b.bmp,1952_r.bmp,1952_preview.bmp
19:55,19:53:30,19:56:59,Nineteen Fifty Five,Alice Walker,1955.png,1955_b.bmp,1955_r.bmp,1955_preview.bmp
19:59,19:57:00,19:59:29,"7 Horas, 59 Minutos",F. C. de la Riva,1959.png,1959_b.bmp,1959_r.bmp,1959_preview.bmp
20:00,19:59:30,20:00:29,Hard Eight,Janet Evanovich,2000.png,2000_b.bmp,2000_r.bmp,2000_preview.bmp
20:01,20:00:30,20:02:29,2001: A Space Odyssey,Arthur C. Clarke,2001.png,2001_b.bmp,2001_r.bmp,2001_preview.bmp
20:04,20:02:30,20:05:29,Faithful: Two Diehard Boston Red Sox Fans Chronicle the Historic 2004 Season,Stewart O'Nan,2004.png,2004_b.bmp,2004_r.bmp,2004_preview.bmp
20:07,20:05:30,20:08:29,Flight 807,Arthur Hailey,2007.png,2007_b.bmp,2007_r.bmp,2007_preview.bmp
20:10,20:08:30,20:10:59,2010: Odyssey Two,Arthur C. Clarke,2010.png,2010_b.bmp,2010_r.bmp,2010_preview.bmp
20:12,20:11:00,20:13:29,20th Century Boys Vol 12,Naoki Urasawa,2012.png,2012_b.bmp,2012_r.bmp,2012_preview.bmp
20:15,20:13:30,20:17:29,Europe After 8:15,H. L. Mencken,2015.png,2015_b.bmp,2015_r.bmp,2015_preview.bmp
20:20,20:17:30,20:21:59,Complete Works of Aristotle,Aristotle (ed. Jonathan Barnes),2020.png,2020_b.bmp,2020_r.bmp,2020_preview.bmp
20:24,20:22:00,20:25:29,824 Biscayne,Mu'ayad Abbas,2024.png,2024_b.bmp,2024_r.bmp,2024_preview.bmp
20:27,20:25:30,20:28:29,2027,Frank Weniger,2027.png,2027_b.bmp,2027_r.bmp,2027_preview.bmp
20:30,20:28:30,20:31:29,Tonight at 8:30,Noël Coward,2030.png,2030_b.bmp,2030_r.bmp,2030_preview.bmp
20:33,20:31:30,20:33:29,Metro 2033,Дмитрий Глуховский,2033.png,2033_b.bmp,2033_r.bmp,2033_preview.bmp
20:34,20:33:30,20:34:29,Metro 2034,Дмитрий Глуховский,2034.png,2034_b.bmp,2034_r.bmp,2034_preview.bmp
20:35,20:34:30,20:37:29,Metro 2035,Дмитрий Глуховский,2035.png,2035_b.bmp,2035_r.bmp,2035_preview.bmp
20:40,20:37:30,20:42:29,"20 Hrs. 40 Min., Our Flight In The Friendship",Amelia Earhart,2040.png,2040_b.bmp,2040_r.bmp,2040_preview.bmp
20:45,20:42:30,20:45:59,Forty-five minutes past eight,Ward Morehouse,2045.png,2045_b.bmp,2045_r.bmp,2045_preview.bmp
20:47,20:46:00,20:47:59,Le train de 8 h. 47,Georges Courteline,2047.png,2047_b.bmp,2047_r.bmp,2047_preview.bmp
20:49,20:48:00,20:51:29,Blade Runner 2049,"Timothy Shanahan, Paul Smart",2049.png,2049_b.bmp,2049_r.bmp,2049_preview.bmp
20:54,20:51:30,20:56:29,2054,"Elliot Ackerman, James Stavridis",2054.png,2054_b.bmp,2054_r.bmp,2054_preview.bmp
20:59,20:56:30,20:59:29,2059,Micah Shippee,2059.png,2059_b.bmp,2059_r.bmp,2059_preview.bmp
21:00,20:59:30,21:00:59,November Nine,Colleen Hoover,2100.png,2100_b.bmp,2100_r.bmp,2100_preview.bmp
21:02,21:01:00,21:03:29,9:02: The Oklahoma City Bombing,Michael J. Hightower,2102.png,2102_b.bmp,2102_r.bmp,2102_preview.bmp
21:05,21:03:30,21:05:59,2105 AD,David Petry,2105.png,2105_b.bmp,2105_r.bmp,2105_preview.bmp
21:07,21:06:00,21:07:29,Ubuntu 9.04,Richard Petersen,2107.png,2107_b.bmp,2107_r.bmp,2107_preview.bmp
21:08,21:07:30,21:09:29,2108,K. L. Glanville,2108.png,2108_b.bmp,2108_r.bmp,2108_preview.bmp
21:11,21:09:30,21:11:59,09/11,Catherine Morley,2111.png,2111_b.bmp,2111_r.bmp,2111_preview.bmp
21:13,21:12:00,21:15:29,Zero Hour 2113,D Kershaw,2113.png,2113_b.bmp,2113_r.bmp,2113_preview.bmp
21:18,21:15:30,21:19:29,Sea Gypsy 2118,Margaret Mayo,2118.png,2118_b.bmp,2118_r.bmp,2118_preview.bmp
21:21,21:19:30,21:22:59,2121: A Time Odyssey,Susan Greenfield,2121.png,2121_b.bmp,2121_r.bmp,2121_preview.bmp
21:25,21:23:00,21:26:29,2125: The Final Hour,Karl Morgan,2125.png,2125_b.bmp,2125_r.bmp,2125_preview.bmp
21:28,21:26:30,21:28:29,928 Miles from Home,Kim Slater,2128.png,2128_b.bmp,2128_r.bmp,2128_preview.bmp
21:29,21:28:30,21:30:29,Doctor Copernicus 2129,John Banville,2129.png,2129_b.bmp,2129_r.bmp,2129_preview.bmp
21:32,21:30:30,21:33:29,Invasion 2132,Raymund Eich,2132.png,2132_b.bmp,2132_r.bmp,2132_preview.bmp
21:35,21:33:30,21:35:29,935 Lies,Charles Lewis,2135.png,2135_b.bmp,2135_r.bmp,2135_preview.bmp
21:36,21:35:30,21:37:59,9 : 36pm,Alexis Denson,2136.png,2136_b.bmp,2136_r.bmp,2136_preview.bmp
21:40,21:38:00,21:40:59,Startling Stories - 09/40,"Oscar J. Friend, Jack Binder, Benson Herbert, Ray Cummings, Gerald Bowman, John P. Gunnison, Earle K. Bergey",2140.png,2140_b.bmp,2140_r.bmp,2140_preview.bmp
21:42,21:41:00,21:42:59,2142,Vincent Saker,2142.png,2142_b.bmp,2142_r.bmp,2142_preview.bmp
21:44,21:43:00,21:45:29,Porsche 944,Larry Warren,2144.png,2144_b.bmp,2144_r.bmp,2144_preview.bmp
21:47,21:45:30,21:48:29,Twenty-One Forty-Seven,Lewis MacLeod,2147.png,2147_b.bmp,2147_r.bmp,2147_preview.bmp
21:50,21:48:30,21:51:29,"A history of Sparta, 950 B.C.",William George Grieve Forrest,2150.png,2150_b.bmp,2150_r.bmp,2150_preview.bmp
21:53,21:51:30,21:53:59,Once@9:53am,Ilan Stavans,2153.png,2153_b.bmp,2153_r.bmp,2153_preview.bmp
21:55,21:54:00,21:57:29,"The Battle of Lechfeld and its Aftermath, August 955",Charles R. Bowlus,2155.png,2155_b.bmp,2155_r.bmp,2155_preview.bmp
22:00,21:57:30,22:00:29,Ten Little Indians,Agatha Christie,2200.png,2200_b.bmp,2200_r.bmp,2200_preview.bmp
22:01,22:00:30,22:02:59,2201 Fascinating Facts,David Louis,2201.png,2201_b.bmp,2201_r.bmp,2201_preview.bmp
22:05,22:03:00,22:07:29,1005,Bill Freeman,2205.png,2205_b.bmp,2205_r.bmp,2205_preview.bmp
22:10,22:07:30,22:10:29,10/10 en Maths,Guy Blandino,2210.png,2210_b.bmp,2210_r.bmp,2210_preview.bmp
22:11,22:10:30,22:12:29,22/11/63,Stephen King,2211.png,2211_b.bmp,2211_r.bmp,2211_preview.bmp
22:14,22:12:30,22:16:29,2214 vini d'Italia,Riccardo Di Corato,2214.png,2214_b.bmp,2214_r.bmp,2214_preview.bmp
22:19,22:16:30,22:20:29,Komanda 22/19,Andrei Volos,2219.png,2219_b.bmp,2219_r.bmp,2219_preview.bmp
22:22,22:20:30,22:23:59,1022 Evergreen Place,"Debbie Macomber, Sandra Burr",2222.png,2222_b.bmp,2222_r.bmp,2222_preview.bmp
22:26,22:24:00,22:27:29,"Symphonies, Nos. 22-26",Wolfgang Amadeus Mozart,2226.png,2226_b.bmp,2226_r.bmp,2226_preview.bmp
22:29,22:27:30,22:29:29,"Berlin, 22-29 Avril",Armand Toupet,2229.png,2229_b.bmp,2229_r.bmp,2229_preview.bmp
22:30,22:29:30,22:32:29,Ten-Thirty on a Summer Night,Marguerite Duras,2230.png,2230_b.bmp,2230_r.bmp,2230_preview.bmp
22:35,22:32:30,22:35:29,Juvenile Instructor; 35 No. 22,George Q. Cannon,2235.png,2235_b.bmp,2235_r.bmp,2235_preview.bmp
22:36,22:35:30,22:36:59,Secret Agent X - 10/36,"Brant House, William E. Luberoff",2236.png,2236_b.bmp,2236_r.bmp,2236_preview.bmp
22:38,22:37:00,22:40:29,10 Minutes 38 Seconds in This Strange World,Elif Şafak,2238.png,2238_b.bmp,2238_r.bmp,2238_preview.bmp
22:43,22:40:30,22:43:29,Andromaque 10-43,Lionel Chiuch,2243.png,2243_b.bmp,2243_r.bmp,2243_preview.bmp
22:44,22:43:30,22:45:59,2244 Alien Apocalypse,"Martin Müller, Annika Schüttler, Rainer Ernst",2244.png,2244_b.bmp,2244_r.bmp,2244_preview.bmp
22:48,22:46:00,22:48:59,Glitch 1048,Robert V. Mikkelson,2248.png,2248_b.bmp,2248_r.bmp,2248_preview.bmp
22:50,22:49:00,22:50:29,Star Man's Son 2250 A.D.,Andre Norton,2250.png,2250_b.bmp,2250_r.bmp,2250_preview.bmp
22:51,22:50:30,22:52:29,Ten Fifty-One,Georgia Lawrence,2251.png,2251_b.bmp,2251_r.bmp,2251_preview.bmp
22:54,22:52:30,22:55:29,Código Civil - Artigo 1054.º,Ministério da Justiça,2254.png,2254_b.bmp,2254_r.bmp,2254_preview.bmp
22:57,22:55:30,22:58:29,Ten Fifty-Seven,M. K. Lazar,2257.png,2257_b.bmp,2257_r.bmp,2257_preview.bmp
23:00,22:58:30,23:02:29,Station Eleven,Emily St. John Mandel,2300.png,2300_b.bmp,2300_r.bmp,2300_preview.bmp
23:05,23:02:30,23:07:29,1105 Yakima Street,"Debbie Macomber, Sandra Burr",2305.png,2305_b.bmp,2305_r.bmp,2305_preview.bmp
23:10,23:07:30,23:10:29,Sniper Training : FM 23-10,U.S. Army,2310.png,2310_b.bmp,2310_r.bmp,2310_preview.bmp
23:11,23:10:30,23:11:59,11:11,Marie D. Jones,2311.png,2311_b.bmp,2311_r.bmp,2311_preview.bmp
23:13,23:12:00,23:14:59,Someone somewhere at 23:13,Ruskin Bond,2313.png,2313_b.bmp,2313_r.bmp,2313_preview.bmp
23:17,23:15:00,23:18:59,2317 Code Name,"Jack Beall, Alec Donath, Michael Isserles",2317.png,2317_b.bmp,2317_r.bmp,2317_preview.bmp
23:21,23:19:00,23:21:59,Lt. Reilly 2321,Matthew O Duncan,2321.png,2321_b.bmp,2321_r.bmp,2321_preview.bmp
23:23,23:22:00,23:25:29,2323 Stratford Ave,Marcelo Rioseco,2323.png,2323_b.bmp,2323_r.bmp,2323_preview.bmp
23:28,23:25:30,23:28:59,1128,Elliott Taylor,2328.png,2328_b.bmp,2328_r.bmp,2328_preview.bmp
23:30,23:29:00,23:31:29,Eleven-thirty till twelve,Richard Greene,2330.png,2330_b.bmp,2330_r.bmp,2330_preview.bmp
23:33,23:31:30,23:34:29,"5 Octobre, 23h33",Donald Harstad,2333.png,2333_b.bmp,2333_r.bmp,2333_preview.bmp
23:36,23:34:30,23:36:59,Death Note Volume 11/36,Tsugumi Ohba,2336.png,2336_b.bmp,2336_r.bmp,2336_preview.bmp
23:38,23:37:00,23:40:29,THX 1138,George Lucas,2338.png,2338_b.bmp,2338_r.bmp,2338_preview.bmp
23:43,23:40:30,23:43:59,LZR-1143,Bryan James,2343.png,2343_b.bmp,2343_r.bmp,2343_preview.bmp
23:45,23:44:00,23:45:59,Quarter to Midnight,Karen Rose,2345.png,2345_b.bmp,2345_r.bmp,2345_preview.bmp
23:47,23:46:00,23:48:29,13 Minutes Before Midnight,Abhaidev,2347.png,2347_b.bmp,2347_r.bmp,2347_preview.bmp
23:50,23:48:30,23:52:29,Genesis 23-50,William Wesley Grasham,2350.png,2350_b.bmp,2350_r.bmp,2350_preview.bmp
23:55,23:52:30,23:56:29,Before Midnight,Cameron Dokey,2355.png,2355_b.bmp,2355_r.bmp,2355_preview.bmp
23:58,23:56:30,23:58:29,Two Tocks before Midnight,Clay Boutwell,2358.png,2358_b.bmp,2358_r.bmp,2358_preview.bmp
23:59,23:58:30,23:59:59,The Midnight Library,Matt Haig,2359.png,2359_b.bmp,2359_r.bmp,2359_preview.bmp
